CONTAINERNBR,ISO,GROSSWEIGHTINKGS,STATUS,LINE,CATEGORY,POD,GROUPCODE,CLIENTCODE,DEPARTUREMODE,OBVESSEL,SEAL,IMO1,UN1,IMO2,UN2,IMO3,UN3,IMO4,UN4,TEMP,TEMPUNIT,OOG-FRONT,OOG-FRONT-UNIT,OOG-BACK,OOG-BACK-UNIT,OOG-LEFT,OOG-LEFT-UNIT,OOG-RIGHT,OOG-RIGHT-UNIT,OOG-TOP,OOG-TOP-UNIT,PREFER CFS AFTER 48HRS,_LINE,_VESSEL,_VOYAGE,_CNTR,_ISO,_TEMP,_POL,_WEIGHT,_GROUP_CFS,_TERMINAL,_MANIFEST_BL,RECORDLABEL,GROSSWEIGHTINMT,FREIGHTKIND,OBVESSELVISIT,GROUP,NOMINATEDCFS,UN_NO1,UN_NO2,UN_NO3,OOG_TOP,OOG_LEFT,OOG_RIGHT,OOG_FRONT,OOG_BACK,SEAL1,SEAL2,SEAL3,VSLVISIT,OUTVSLVISIT,OPR,CONTAINERNO,EQPTYPE,SHIPPINGSTATUSCODE,LOADSTATUS,VESSELBAYLOCATION,POL,DST,TRANSITCODE,GROSSWGT,BILLOFLADING,COMMODITYCODE,DECLAREDSEALNUMBER1,DECLAREDSEALNUMBER2,DECLAREDSEALNUMBER3,TEMPUOM,IMCOS,OHCM,OFCM,OBCM,OLCM,ORCM,BOOKINGNO,BOXAGENTNAME,USERDEFINEDNAME0,USERDEFINEDNAME1,USERDEFINEDNAME2,USERDEFINEDNAME3,USERDEFINEDNAME4,USERDEFINEDCODE0,USERDEFINEDCODE1,USERDEFINEDCODE2,USERDEFINEDCODE3,USERDEFINEDCODE4,USERDEFINEDCODE5,USERDEFINEDCODE6,USERDEFINEDCODE7,USERDEFINEDCODE8,USERDEFINEDCODE9,USERDEFINEDNUMBER0,USERDEFINEDNUMBER1,USERDEFINEDNUMBER2,USERDEFINEDNUMBER3,USERDEFINEDNUMBER4,USERDEFINEDTIME0,USERDEFINEDTIME1,USERDEFINEDTIME2,USERDEFINEDTIME3,USERDEFINEDTIME4,RAILOPERATORCODE,VGMDATE,VGM,VGMPARTY,SPC1,PREFERREDCFSAFTER48HOURS,IECCODE,GSTNO.,OFFICIALEMAIL,REMARKS
ONEU8007230,2230,8060.0,F,ONE,I,INNSA,GDL,34Y,T,,3626074,,,,,,,,,5.0,C,,,,,,,,,,,,ONE (Ocean Network Express) Line (i) Pvt. Ltd.,HMM TACOMA,139,ONEU8007230,2230,5.0,,8060,GDL,CASCADE,,,,,,,,,,,,,,,,,,,,,,,,,,,,,,,,,,,,,,,,,,,,,,,,,,,,,,,,,,,,,,,,,,,,,,,,,,,,,,,
ONEU8033542,2230,10461.0,F,ONE,I,INNSA,AMY,13Q,T,,1293865,,,,,,,,,5.0,C,,,,,,,,,,,,ONE (Ocean Network Express) Line (i) Pvt. Ltd.,HMM TACOMA,139,ONEU8033542,2230,5.0,,10461,AMY,CASCADE,,,,,,,,,,,,,,,,,,,,,,,,,,,,,,,,,,,,,,,,,,,,,,,,,,,,,,,,,,,,,,,,,,,,,,,,,,,,,,,
ONEU9269996,4530,10549.0,F,ONE,I,INNSA,AMY,SN1,T,,24573,,,,,,,,,4.0,C,,,,,,,,,,,,ONE (Ocean Network Express) Line (i) Pvt. Ltd.,HMM TACOMA,139,ONEU9269996,4530,4.0,,10549,AMY,CASCADE,,,,,,,,,,,,,,,,,,,,,,,,,,,,,,,,,,,,,,,,,,,,,,,,,,,,,,,,,,,,,,,,,,,,,,,,,,,,,,,
OTPU6475616,4530,25137.0,F,YML,I,INNSA,ACG,4GU,T,,YMAQ651463,,,,,,,,,3.0,C,,,,,,,,,,,,ONE (Ocean Network Express) Line (i) Pvt. Ltd.,HMM TACOMA,139,OTPU6475616,4530,3.0,,25137,ACG,CASCADE,,,,,,,,,,,,,,,,,,,,,,,,,,,,,,,,,,,,,,,,,,,,,,,,,,,,,,,,,,,,,,,,,,,,,,,,,,,,,,,
CXRU1156626,4530,11358.0,F,ONE,I,INNSA,ITC,E616,T,,167832,,,,,,,,,7.0,C,,,,,,,,,,,,ONE (Ocean Network Express) Line (i) Pvt. Ltd.,HMM TACOMA,139,CXRU1156626,4530,7.0,N/A,11358,ITC,GTI (APM Terminals),NOT_FOUND,,,,,,,,,,,,,,,,,,,,,,,,,,,,,,,,,,,,,,,,,,,,,,,,,,,,,,,,,,,,,,,,,,,,,,,,,,,,,,
TTNU8748574,4530,15478.0,F,ONE,I,INNSA,JWC,U64,T,,HY1132951,9.0,3082.0,8.0,2735.0,,,,,,,,,,,,,,,,,,ONE (Ocean Network Express) Line (i) Pvt. Ltd.,HMM TACOMA,139,TTNU8748574,4530,,N/A,15478,JWC,GTI (APM Terminals),NOT_FOUND,,,,,,,,,,,,,,,,,,,,,,,,,,,,,,,,,,,,,,,,,,,,,,,,,,,,,,,,,,,,,,,,,,,,,,,,,,,,,,
BMOU9828385,4530,,,ONE,T,INBMC,,,V,,,,,,,,,,,,,,,,,,,,,,,,ONE (Ocean Network Express) Line (i) Pvt. Ltd.,ONE MAGNIFICENCE,0086,BMOU9828385,4530,,N/A,4.50,,GTI (APM Terminals),NOT_FOUND,CTR,4.50,E,BMCT,,,,,,,,,,,NOSEAL,,,,,,,,,,,,,,,,,,,,,,,,,,,,,,,,,,,,,,,,,,,,,,,,,,,,,,,,,,,,,,,
BMOU9832955,4530,,,ONE,T,INBMC,,,V,,,,,,,,,,,,,,,,,,,,,,,,ONE (Ocean Network Express) Line (i) Pvt. Ltd.,ONE MAGNIFICENCE,0086,BMOU9832955,4530,,N/A,4.50,,GTI (APM Terminals),NOT_FOUND,CTR,4.50,E,BMCT,,,,,,,,,,,NOSEAL,,,,,,,,,,,,,,,,,,,,,,,,,,,,,,,,,,,,,,,,,,,,,,,,,,,,,,,,,,,,,,,
BMOU9845802,4530,,,ONE,T,INBMC,,,V,,,,,,,,,,,,,,,,,,,,,,,,ONE (Ocean Network Express) Line (i) Pvt. Ltd.,ONE MAGNIFICENCE,0086,BMOU9845802,4530,,N/A,4.50,,GTI (APM Terminals),NOT_FOUND,CTR,4.50,E,BMCT,,,,,,,,,,,NOSEAL,,,,,,,,,,,,,,,,,,,,,,,,,,,,,,,,,,,,,,,,,,,,,,,,,,,,,,,,,,,,,,,
BMOU9847282,4530,,,ONE,T,INBMC,,,V,,,,,,,,,,,,,,,,,,,,,,,,ONE (Ocean Network Express) Line (i) Pvt. Ltd.,ONE MAGNIFICENCE,0086,BMOU9847282,4530,,N/A,4.50,,GTI (APM Terminals),NOT_FOUND,CTR,4.50,E,BMCT,,,,,,,,,,,NOSEAL,,,,,,,,,,,,,,,,,,,,,,,,,,,,,,,,,,,,,,,,,,,,,,,,,,,,,,,,,,,,,,,
BMOU9847385,4530,,,ONE,T,INBMC,,,V,,,,,,,,,,,,,,,,,,,,,,,,ONE (Ocean Network Express) Line (i) Pvt. Ltd.,ONE MAGNIFICENCE,0086,BMOU9847385,4530,,N/A,4.50,,GTI (APM Terminals),NOT_FOUND,CTR,4.50,E,BMCT,,,,,,,,,,,NOSEAL,,,,,,,,,,,,,,,,,,,,,,,,,,,,,,,,,,,,,,,,,,,,,,,,,,,,,,,,,,,,,,,
BMOU9859690,4530,,,ONE,T,INBMC,,,V,,,,,,,,,,,,,,,,,,,,,,,,ONE (Ocean Network Express) Line (i) Pvt. Ltd.,ONE MAGNIFICENCE,0086,BMOU9859690,4530,,N/A,4.50,,GTI (APM Terminals),NOT_FOUND,CTR,4.50,E,BMCT,,,,,,,,,,,NOSEAL,,,,,,,,,,,,,,,,,,,,,,,,,,,,,,,,,,,,,,,,,,,,,,,,,,,,,,,,,,,,,,,
BMOU9869996,4530,,,ONE,T,INBMC,,,V,,,,,,,,,,,,,,,,,,,,,,,,ONE (Ocean Network Express) Line (i) Pvt. Ltd.,ONE MAGNIFICENCE,0086,BMOU9869996,4530,,N/A,4.50,,GTI (APM Terminals),NOT_FOUND,CTR,4.50,E,BMCT,,,,,,,,,,,NOSEAL,,,,,,,,,,,,,,,,,,,,,,,,,,,,,,,,,,,,,,,,,,,,,,,,,,,,,,,,,,,,,,,
CAAU4011738,4530,,,ONE,T,INBMC,,,V,,,,,,,,,,,,,,,,,,,,,,,,ONE (Ocean Network Express) Line (i) Pvt. Ltd.,ONE MAGNIFICENCE,0086,CAAU4011738,4530,,N/A,4.50,,GTI (APM Terminals),NOT_FOUND,CTR,4.50,E,BMCT,,,,,,,,,,,NOSEAL,,,,,,,,,,,,,,,,,,,,,,,,,,,,,,,,,,,,,,,,,,,,,,,,,,,,,,,,,,,,,,,
CAAU4012930,4530,,,ONE,T,INBMC,,,V,,,,,,,,,,,,,,,,,,,,,,,,ONE (Ocean Network Express) Line (i) Pvt. Ltd.,ONE MAGNIFICENCE,0086,CAAU4012930,4530,,N/A,4.50,,GTI (APM Terminals),NOT_FOUND,CTR,4.50,E,BMCT,,,,,,,,,,,NOSEAL,,,,,,,,,,,,,,,,,,,,,,,,,,,,,,,,,,,,,,,,,,,,,,,,,,,,,,,,,,,,,,,
CAAU4014589,4530,,,ONE,T,INBMC,,,V,,,,,,,,,,,,,,,,,,,,,,,,ONE (Ocean Network Express) Line (i) Pvt. Ltd.,ONE MAGNIFICENCE,0086,CAAU4014589,4530,,N/A,4.50,,GTI (APM Terminals),NOT_FOUND,CTR,4.50,E,BMCT,,,,,,,,,,,NOSEAL,,,,,,,,,,,,,,,,,,,,,,,,,,,,,,,,,,,,,,,,,,,,,,,,,,,,,,,,,,,,,,,
CAAU4017090,4530,,,ONE,T,INBMC,,,V,,,,,,,,,,,,,,,,,,,,,,,,ONE (Ocean Network Express) Line (i) Pvt. Ltd.,ONE MAGNIFICENCE,0086,CAAU4017090,4530,,N/A,4.50,,GTI (APM Terminals),NOT_FOUND,CTR,4.50,E,BMCT,,,,,,,,,,,NOSEAL,,,,,,,,,,,,,,,,,,,,,,,,,,,,,,,,,,,,,,,,,,,,,,,,,,,,,,,,,,,,,,,
CAAU4024210,4530,,,ONE,T,INBMC,,,V,,,,,,,,,,,,,,,,,,,,,,,,ONE (Ocean Network Express) Line (i) Pvt. Ltd.,ONE MAGNIFICENCE,0086,CAAU4024210,4530,,N/A,4.50,,GTI (APM Terminals),NOT_FOUND,CTR,4.50,E,BMCT,,,,,,,,,,,NOSEAL,,,,,,,,,,,,,,,,,,,,,,,,,,,,,,,,,,,,,,,,,,,,,,,,,,,,,,,,,,,,,,,
CAAU4025665,4530,,,ONE,T,INBMC,,,V,,,,,,,,,,,,,,,,,,,,,,,,ONE (Ocean Network Express) Line (i) Pvt. Ltd.,ONE MAGNIFICENCE,0086,CAAU4025665,4530,,N/A,4.50,,GTI (APM Terminals),NOT_FOUND,CTR,4.50,E,BMCT,,,,,,,,,,,NOSEAL,,,,,,,,,,,,,,,,,,,,,,,,,,,,,,,,,,,,,,,,,,,,,,,,,,,,,,,,,,,,,,,
CAIU5673330,4530,,,ONE,T,INBMC,,,V,,,,,,,,,,,,,,,,,,,,,,,,ONE (Ocean Network Express) Line (i) Pvt. Ltd.,ONE MAGNIFICENCE,0086,CAIU5673330,4530,,N/A,4.50,,GTI (APM Terminals),NOT_FOUND,CTR,4.50,E,BMCT,,,,,,,,,,,NOSEAL,,,,,,,,,,,,,,,,,,,,,,,,,,,,,,,,,,,,,,,,,,,,,,,,,,,,,,,,,,,,,,,
CAIU5674846,4530,,,ONE,T,INBMC,,,V,,,,,,,,,,,,,,,,,,,,,,,,ONE (Ocean Network Express) Line (i) Pvt. Ltd.,ONE MAGNIFICENCE,0086,CAIU5674846,4530,,N/A,4.50,,GTI (APM Terminals),NOT_FOUND,CTR,4.50,E,BMCT,,,,,,,,,,,NOSEAL,,,,,,,,,,,,,,,,,,,,,,,,,,,,,,,,,,,,,,,,,,,,,,,,,,,,,,,,,,,,,,,
CAIU5675950,4530,,,ONE,T,INBMC,,,V,,,,,,,,,,,,,,,,,,,,,,,,ONE (Ocean Network Express) Line (i) Pvt. Ltd.,ONE MAGNIFICENCE,0086,CAIU5675950,4530,,N/A,4.50,,GTI (APM Terminals),NOT_FOUND,CTR,4.50,E,BMCT,,,,,,,,,,,NOSEAL,,,,,,,,,,,,,,,,,,,,,,,,,,,,,,,,,,,,,,,,,,,,,,,,,,,,,,,,,,,,,,,
CAIU5677193,4530,,,ONE,T,INBMC,,,V,,,,,,,,,,,,,,,,,,,,,,,,ONE (Ocean Network Express) Line (i) Pvt. Ltd.,ONE MAGNIFICENCE,0086,CAIU5677193,4530,,N/A,4.50,,GTI (APM Terminals),NOT_FOUND,CTR,4.50,E,BMCT,,,,,,,,,,,NOSEAL,,,,,,,,,,,,,,,,,,,,,,,,,,,,,,,,,,,,,,,,,,,,,,,,,,,,,,,,,,,,,,,
CAIU5679350,4530,,,ONE,T,INBMC,,,V,,,,,,,,,,,,,,,,,,,,,,,,ONE (Ocean Network Express) Line (i) Pvt. Ltd.,ONE MAGNIFICENCE,0086,CAIU5679350,4530,,N/A,4.50,,GTI (APM Terminals),NOT_FOUND,CTR,4.50,E,BMCT,,,,,,,,,,,NOSEAL,,,,,,,,,,,,,,,,,,,,,,,,,,,,,,,,,,,,,,,,,,,,,,,,,,,,,,,,,,,,,,,
CXRU1143819,4530,,,ONE,T,INBMC,,,V,,,,,,,,,,,,,,,,,,,,,,,,ONE (Ocean Network Express) Line (i) Pvt. Ltd.,ONE MAGNIFICENCE,0086,CXRU1143819,4530,,N/A,4.50,,GTI (APM Terminals),NOT_FOUND,CTR,4.50,E,BMCT,,,,,,,,,,,NOSEAL,,,,,,,,,,,,,,,,,,,,,,,,,,,,,,,,,,,,,,,,,,,,,,,,,,,,,,,,,,,,,,,
CXRU1182271,4530,,,ONE,T,INBMC,,,V,,,,,,,,,,,,,,,,,,,,,,,,ONE (Ocean Network Express) Line (i) Pvt. Ltd.,ONE MAGNIFICENCE,0086,CXRU1182271,4530,,N/A,4.50,,GTI (APM Terminals),NOT_FOUND,CTR,4.50,E,BMCT,,,,,,,,,,,NOSEAL,,,,,,,,,,,,,,,,,,,,,,,,,,,,,,,,,,,,,,,,,,,,,,,,,,,,,,,,,,,,,,,
CXRU1184567,4530,,,ONE,T,INBMC,,,V,,,,,,,,,,,,,,,,,,,,,,,,ONE (Ocean Network Express) Line (i) Pvt. Ltd.,ONE MAGNIFICENCE,0086,CXRU1184567,4530,,N/A,4.50,,GTI (APM Terminals),NOT_FOUND,CTR,4.50,E,BMCT,,,,,,,,,,,NOSEAL,,,,,,,,,,,,,,,,,,,,,,,,,,,,,,,,,,,,,,,,,,,,,,,,,,,,,,,,,,,,,,,
CXRU1626611,4530,,,ONE,T,INBMC,,,V,,,,,,,,,,,,,,,,,,,,,,,,ONE (Ocean Network Express) Line (i) Pvt. Ltd.,ONE MAGNIFICENCE,0086,CXRU1626611,4530,,N/A,4.50,,GTI (APM Terminals),NOT_FOUND,CTR,4.50,E,BMCT,,,,,,,,,,,NOSEAL,,,,,,,,,,,,,,,,,,,,,,,,,,,,,,,,,,,,,,,,,,,,,,,,,,,,,,,,,,,,,,,
CXRU1629307,4530,,,ONE,T,INPAV,,,V,,,,,,,,,,,,,,,,,,,,,,,,ONE (Ocean Network Express) Line (i) Pvt. Ltd.,ONE MAGNIFICENCE,0086,CXRU1629307,4530,,N/A,4.50,,GTI (APM Terminals),NOT_FOUND,CTR,4.50,E,S1731,,,,,,,,,,,NOSEAL,,,,,,,,,,,,,,,,,,,,,,,,,,,,,,,,,,,,,,,,,,,,,,,,,,,,,,,,,,,,,,,
FBIU5194334,4530,,,ONE,T,INPAV,,,V,,,,,,,,,,,,,,,,,,,,,,,,ONE (Ocean Network Express) Line (i) Pvt. Ltd.,ONE MAGNIFICENCE,0086,FBIU5194334,4530,,N/A,4.50,,GTI (APM Terminals),NOT_FOUND,CTR,4.50,E,S1731,,,,,,,,,,,NOSEAL,,,,,,,,,,,,,,,,,,,,,,,,,,,,,,,,,,,,,,,,,,,,,,,,,,,,,,,,,,,,,,,
FBIU5246274,4530,,,ONE,T,INBMC,,,V,,,,,,,,,,,,,,,,,,,,,,,,ONE (Ocean Network Express) Line (i) Pvt. Ltd.,ONE MAGNIFICENCE,0086,FBIU5246274,4530,,N/A,4.50,,GTI (APM Terminals),NOT_FOUND,CTR,4.50,E,BMCT,,,,,,,,,,,NOSEAL,,,,,,,,,,,,,,,,,,,,,,,,,,,,,,,,,,,,,,,,,,,,,,,,,,,,,,,,,,,,,,,
FBIU5248301,4530,,,ONE,T,INPAV,,,V,,,,,,,,,,,,,,,,,,,,,,,,ONE (Ocean Network Express) Line (i) Pvt. Ltd.,ONE MAGNIFICENCE,0086,FBIU5248301,4530,,N/A,4.50,,GTI (APM Terminals),NOT_FOUND,CTR,4.50,E,S1731,,,,,,,,,,,NOSEAL,,,,,,,,,,,,,,,,,,,,,,,,,,,,,,,,,,,,,,,,,,,,,,,,,,,,,,,,,,,,,,,
FBIU5257643,4530,,,ONE,T,INPAV,,,V,,,,,,,,,,,,,,,,,,,,,,,,ONE (Ocean Network Express) Line (i) Pvt. Ltd.,ONE MAGNIFICENCE,0086,FBIU5257643,4530,,N/A,4.50,,GTI (APM Terminals),NOT_FOUND,CTR,4.50,E,S1731,,,,,,,,,,,NOSEAL,,,,,,,,,,,,,,,,,,,,,,,,,,,,,,,,,,,,,,,,,,,,,,,,,,,,,,,,,,,,,,,
FBIU5258594,4530,,,ONE,T,INBMC,,,V,,,,,,,,,,,,,,,,,,,,,,,,ONE (Ocean Network Express) Line (i) Pvt. Ltd.,ONE MAGNIFICENCE,0086,FBIU5258594,4530,,N/A,4.50,,GTI (APM Terminals),NOT_FOUND,CTR,4.50,E,BMCT,,,,,,,,,,,NOSEAL,,,,,,,,,,,,,,,,,,,,,,,,,,,,,,,,,,,,,,,,,,,,,,,,,,,,,,,,,,,,,,,
FBIU5264468,4530,,,ONE,T,INBMC,,,V,,,,,,,,,,,,,,,,,,,,,,,,ONE (Ocean Network Express) Line (i) Pvt. Ltd.,ONE MAGNIFICENCE,0086,FBIU5264468,4530,,N/A,4.50,,GTI (APM Terminals),NOT_FOUND,CTR,4.50,E,BMCT,,,,,,,,,,,NOSEAL,,,,,,,,,,,,,,,,,,,,,,,,,,,,,,,,,,,,,,,,,,,,,,,,,,,,,,,,,,,,,,,
FBIU5268545,4530,,,ONE,T,INPAV,,,V,,,,,,,,,,,,,,,,,,,,,,,,ONE (Ocean Network Express) Line (i) Pvt. Ltd.,ONE MAGNIFICENCE,0086,FBIU5268545,4530,,N/A,4.50,,GTI (APM Terminals),NOT_FOUND,CTR,4.50,E,S1731,,,,,,,,,,,NOSEAL,,,,,,,,,,,,,,,,,,,,,,,,,,,,,,,,,,,,,,,,,,,,,,,,,,,,,,,,,,,,,,,
FBIU5282625,4530,,,ONE,T,INBMC,,,V,,,,,,,,,,,,,,,,,,,,,,,,ONE (Ocean Network Express) Line (i) Pvt. Ltd.,ONE MAGNIFICENCE,0086,FBIU5282625,4530,,N/A,4.50,,GTI (APM Terminals),NOT_FOUND,CTR,4.50,E,BMCT,,,,,,,,,,,NOSEAL,,,,,,,,,,,,,,,,,,,,,,,,,,,,,,,,,,,,,,,,,,,,,,,,,,,,,,,,,,,,,,,
FBIU5353610,4530,,,ONE,T,INPAV,,,V,,,,,,,,,,,,,,,,,,,,,,,,ONE (Ocean Network Express) Line (i) Pvt. Ltd.,ONE MAGNIFICENCE,0086,FBIU5353610,4530,,N/A,4.50,,GTI (APM Terminals),NOT_FOUND,CTR,4.50,E,S1731,,,,,,,,,,,NOSEAL,,,,,,,,,,,,,,,,,,,,,,,,,,,,,,,,,,,,,,,,,,,,,,,,,,,,,,,,,,,,,,,
FBIU5355845,4530,,,ONE,T,INBMC,,,V,,,,,,,,,,,,,,,,,,,,,,,,ONE (Ocean Network Express) Line (i) Pvt. Ltd.,ONE MAGNIFICENCE,0086,FBIU5355845,4530,,N/A,4.50,,GTI (APM Terminals),NOT_FOUND,CTR,4.50,E,BMCT,,,,,,,,,,,NOSEAL,,,,,,,,,,,,,,,,,,,,,,,,,,,,,,,,,,,,,,,,,,,,,,,,,,,,,,,,,,,,,,,
FBIU5669980,4530,,,ONE,T,INBMC,,,V,,,,,,,,,,,,,,,,,,,,,,,,ONE (Ocean Network Express) Line (i) Pvt. Ltd.,ONE MAGNIFICENCE,0086,FBIU5669980,4530,,N/A,4.50,,GTI (APM Terminals),NOT_FOUND,CTR,4.50,E,BMCT,,,,,,,,,,,NOSEAL,,,,,,,,,,,,,,,,,,,,,,,,,,,,,,,,,,,,,,,,,,,,,,,,,,,,,,,,,,,,,,,
FSCU5743158,4530,,,ONE,T,INBMC,,,V,,,,,,,,,,,,,,,,,,,,,,,,ONE (Ocean Network Express) Line (i) Pvt. Ltd.,ONE MAGNIFICENCE,0086,FSCU5743158,4530,,N/A,4.50,,GTI (APM Terminals),NOT_FOUND,CTR,4.50,E,BMCT,,,,,,,,,,,NOSEAL,,,,,,,,,,,,,,,,,,,,,,,,,,,,,,,,,,,,,,,,,,,,,,,,,,,,,,,,,,,,,,,
FSCU5745470,4530,,,ONE,T,INBMC,,,V,,,,,,,,,,,,,,,,,,,,,,,,ONE (Ocean Network Express) Line (i) Pvt. Ltd.,ONE MAGNIFICENCE,0086,FSCU5745470,4530,,N/A,4.50,,GTI (APM Terminals),NOT_FOUND,CTR,4.50,E,BMCT,,,,,,,,,,,NOSEAL,,,,,,,,,,,,,,,,,,,,,,,,,,,,,,,,,,,,,,,,,,,,,,,,,,,,,,,,,,,,,,,
FSCU5753243,4530,,,ONE,T,INBMC,,,V,,,,,,,,,,,,,,,,,,,,,,,,ONE (Ocean Network Express) Line (i) Pvt. Ltd.,ONE MAGNIFICENCE,0086,FSCU5753243,4530,,N/A,4.50,,GTI (APM Terminals),NOT_FOUND,CTR,4.50,E,BMCT,,,,,,,,,,,NOSEAL,,,,,,,,,,,,,,,,,,,,,,,,,,,,,,,,,,,,,,,,,,,,,,,,,,,,,,,,,,,,,,,
FSCU5793117,4530,,,ONE,T,INBMC,,,V,,,,,,,,,,,,,,,,,,,,,,,,ONE (Ocean Network Express) Line (i) Pvt. Ltd.,ONE MAGNIFICENCE,0086,FSCU5793117,4530,,N/A,4.50,,GTI (APM Terminals),NOT_FOUND,CTR,4.50,E,BMCT,,,,,,,,,,,NOSEAL,,,,,,,,,,,,,,,,,,,,,,,,,,,,,,,,,,,,,,,,,,,,,,,,,,,,,,,,,,,,,,,
FSCU5793626,4530,,,ONE,T,INBMC,,,V,,,,,,,,,,,,,,,,,,,,,,,,ONE (Ocean Network Express) Line (i) Pvt. Ltd.,ONE MAGNIFICENCE,0086,FSCU5793626,4530,,N/A,4.50,,GTI (APM Terminals),NOT_FOUND,CTR,4.50,E,BMCT,,,,,,,,,,,NOSEAL,,,,,,,,,,,,,,,,,,,,,,,,,,,,,,,,,,,,,,,,,,,,,,,,,,,,,,,,,,,,,,,
FSCU5807993,4530,,,ONE,T,INBMC,,,V,,,,,,,,,,,,,,,,,,,,,,,,ONE (Ocean Network Express) Line (i) Pvt. Ltd.,ONE MAGNIFICENCE,0086,FSCU5807993,4530,,N/A,4.50,,GTI (APM Terminals),NOT_FOUND,CTR,4.50,E,BMCT,,,,,,,,,,,NOSEAL,,,,,,,,,,,,,,,,,,,,,,,,,,,,,,,,,,,,,,,,,,,,,,,,,,,,,,,,,,,,,,,
FSCU5812752,4530,,,ONE,T,INBMC,,,V,,,,,,,,,,,,,,,,,,,,,,,,ONE (Ocean Network Express) Line (i) Pvt. Ltd.,ONE MAGNIFICENCE,0086,FSCU5812752,4530,,N/A,4.50,,GTI (APM Terminals),NOT_FOUND,CTR,4.50,E,BMCT,,,,,,,,,,,NOSEAL,,,,,,,,,,,,,,,,,,,,,,,,,,,,,,,,,,,,,,,,,,,,,,,,,,,,,,,,,,,,,,,
FSCU5812963,4530,,,ONE,T,INBMC,,,V,,,,,,,,,,,,,,,,,,,,,,,,ONE (Ocean Network Express) Line (i) Pvt. Ltd.,ONE MAGNIFICENCE,0086,FSCU5812963,4530,,N/A,4.50,,GTI (APM Terminals),NOT_FOUND,CTR,4.50,E,BMCT,,,,,,,,,,,NOSEAL,,,,,,,,,,,,,,,,,,,,,,,,,,,,,,,,,,,,,,,,,,,,,,,,,,,,,,,,,,,,,,,
FSCU5818391,4530,,,ONE,T,INBMC,,,V,,,,,,,,,,,,,,,,,,,,,,,,ONE (Ocean Network Express) Line (i) Pvt. Ltd.,ONE MAGNIFICENCE,0086,FSCU5818391,4530,,N/A,4.50,,GTI (APM Terminals),NOT_FOUND,CTR,4.50,E,BMCT,,,,,,,,,,,NOSEAL,,,,,,,,,,,,,,,,,,,,,,,,,,,,,,,,,,,,,,,,,,,,,,,,,,,,,,,,,,,,,,,
FSCU5825030,4530,,,ONE,T,INPAV,,,V,,,,,,,,,,,,,,,,,,,,,,,,ONE (Ocean Network Express) Line (i) Pvt. Ltd.,ONE MAGNIFICENCE,0086,FSCU5825030,4530,,N/A,4.50,,GTI (APM Terminals),NOT_FOUND,CTR,4.50,E,S1731,,,,,,,,,,,NOSEAL,,,,,,,,,,,,,,,,,,,,,,,,,,,,,,,,,,,,,,,,,,,,,,,,,,,,,,,,,,,,,,,
FSCU5831114,4530,,,ONE,T,INBMC,,,V,,,,,,,,,,,,,,,,,,,,,,,,ONE (Ocean Network Express) Line (i) Pvt. Ltd.,ONE MAGNIFICENCE,0086,FSCU5831114,4530,,N/A,4.50,,GTI (APM Terminals),NOT_FOUND,CTR,4.50,E,BMCT,,,,,,,,,,,NOSEAL,,,,,,,,,,,,,,,,,,,,,,,,,,,,,,,,,,,,,,,,,,,,,,,,,,,,,,,,,,,,,,,
FSCU5857952,4530,,,ONE,T,INBMC,,,V,,,,,,,,,,,,,,,,,,,,,,,,ONE (Ocean Network Express) Line (i) Pvt. Ltd.,ONE MAGNIFICENCE,0086,FSCU5857952,4530,,N/A,4.50,,GTI (APM Terminals),NOT_FOUND,CTR,4.50,E,BMCT,,,,,,,,,,,NOSEAL,,,,,,,,,,,,,,,,,,,,,,,,,,,,,,,,,,,,,,,,,,,,,,,,,,,,,,,,,,,,,,,
FSCU5880145,4530,,,ONE,T,INBMC,,,V,,,,,,,,,,,,,,,,,,,,,,,,ONE (Ocean Network Express) Line (i) Pvt. Ltd.,ONE MAGNIFICENCE,0086,FSCU5880145,4530,,N/A,4.50,,GTI (APM Terminals),NOT_FOUND,CTR,4.50,E,BMCT,,,,,,,,,,,NOSEAL,,,,,,,,,,,,,,,,,,,,,,,,,,,,,,,,,,,,,,,,,,,,,,,,,,,,,,,,,,,,,,,
FSCU5880150,4530,,,ONE,T,INBMC,,,V,,,,,,,,,,,,,,,,,,,,,,,,ONE (Ocean Network Express) Line (i) Pvt. Ltd.,ONE MAGNIFICENCE,0086,FSCU5880150,4530,,N/A,4.50,,GTI (APM Terminals),NOT_FOUND,CTR,4.50,E,BMCT,,,,,,,,,,,NOSEAL,,,,,,,,,,,,,,,,,,,,,,,,,,,,,,,,,,,,,,,,,,,,,,,,,,,,,,,,,,,,,,,
FSCU5883801,4530,,,ONE,T,INBMC,,,V,,,,,,,,,,,,,,,,,,,,,,,,ONE (Ocean Network Express) Line (i) Pvt. Ltd.,ONE MAGNIFICENCE,0086,FSCU5883801,4530,,N/A,4.50,,GTI (APM Terminals),NOT_FOUND,CTR,4.50,E,BMCT,,,,,,,,,,,NOSEAL,,,,,,,,,,,,,,,,,,,,,,,,,,,,,,,,,,,,,,,,,,,,,,,,,,,,,,,,,,,,,,,
FSCU5897451,4530,,,ONE,T,INBMC,,,V,,,,,,,,,,,,,,,,,,,,,,,,ONE (Ocean Network Express) Line (i) Pvt. Ltd.,ONE MAGNIFICENCE,0086,FSCU5897451,4530,,N/A,4.50,,GTI (APM Terminals),NOT_FOUND,CTR,4.50,E,BMCT,,,,,,,,,,,NOSEAL,,,,,,,,,,,,,,,,,,,,,,,,,,,,,,,,,,,,,,,,,,,,,,,,,,,,,,,,,,,,,,,
FSCU5899325,4530,,,ONE,T,INBMC,,,V,,,,,,,,,,,,,,,,,,,,,,,,ONE (Ocean Network Express) Line (i) Pvt. Ltd.,ONE MAGNIFICENCE,0086,FSCU5899325,4530,,N/A,4.50,,GTI (APM Terminals),NOT_FOUND,CTR,4.50,E,BMCT,,,,,,,,,,,NOSEAL,,,,,,,,,,,,,,,,,,,,,,,,,,,,,,,,,,,,,,,,,,,,,,,,,,,,,,,,,,,,,,,
FSCU5945499,4530,,,ONE,T,INBMC,,,V,,,,,,,,,,,,,,,,,,,,,,,,ONE (Ocean Network Express) Line (i) Pvt. Ltd.,ONE MAGNIFICENCE,0086,FSCU5945499,4530,,N/A,4.50,,GTI (APM Terminals),NOT_FOUND,CTR,4.50,E,BMCT,,,,,,,,,,,NOSEAL,,,,,,,,,,,,,,,,,,,,,,,,,,,,,,,,,,,,,,,,,,,,,,,,,,,,,,,,,,,,,,,
FSCU5948625,4530,,,ONE,T,INBMC,,,V,,,,,,,,,,,,,,,,,,,,,,,,ONE (Ocean Network Express) Line (i) Pvt. Ltd.,ONE MAGNIFICENCE,0086,FSCU5948625,4530,,N/A,4.50,,GTI (APM Terminals),NOT_FOUND,CTR,4.50,E,BMCT,,,,,,,,,,,NOSEAL,,,,,,,,,,,,,,,,,,,,,,,,,,,,,,,,,,,,,,,,,,,,,,,,,,,,,,,,,,,,,,,
FSCU5951906,4530,,,ONE,T,INBMC,,,V,,,,,,,,,,,,,,,,,,,,,,,,ONE (Ocean Network Express) Line (i) Pvt. Ltd.,ONE MAGNIFICENCE,0086,FSCU5951906,4530,,N/A,4.50,,GTI (APM Terminals),NOT_FOUND,CTR,4.50,E,BMCT,,,,,,,,,,,NOSEAL,,,,,,,,,,,,,,,,,,,,,,,,,,,,,,,,,,,,,,,,,,,,,,,,,,,,,,,,,,,,,,,
IKSU2515830,4530,,,ONE,T,INBMC,,,V,,,,,,,,,,,,,,,,,,,,,,,,ONE (Ocean Network Express) Line (i) Pvt. Ltd.,ONE MAGNIFICENCE,0086,IKSU2515830,4530,,N/A,4.50,,GTI (APM Terminals),NOT_FOUND,CTR,4.50,E,BMCT,,,,,,,,,,,NOSEAL,,,,,,,,,,,,,,,,,,,,,,,,,,,,,,,,,,,,,,,,,,,,,,,,,,,,,,,,,,,,,,,
KKFU6578822,4530,,,ONE,T,INBMC,,,V,,,,,,,,,,,,,,,,,,,,,,,,ONE (Ocean Network Express) Line (i) Pvt. Ltd.,ONE MAGNIFICENCE,0086,KKFU6578822,4530,,N/A,4.50,,GTI (APM Terminals),NOT_FOUND,CTR,4.50,E,BMCT,,,,,,,,,,,NOSEAL,,,,,,,,,,,,,,,,,,,,,,,,,,,,,,,,,,,,,,,,,,,,,,,,,,,,,,,,,,,,,,,
KKFU6671560,4530,,,ONE,T,INBMC,,,V,,,,,,,,,,,,,,,,,,,,,,,,ONE (Ocean Network Express) Line (i) Pvt. Ltd.,ONE MAGNIFICENCE,0086,KKFU6671560,4530,,N/A,4.50,,GTI (APM Terminals),NOT_FOUND,CTR,4.50,E,BMCT,,,,,,,,,,,NOSEAL,,,,,,,,,,,,,,,,,,,,,,,,,,,,,,,,,,,,,,,,,,,,,,,,,,,,,,,,,,,,,,,
KKFU6723181,4530,,,ONE,T,INBMC,,,V,,,,,,,,,,,,,,,,,,,,,,,,ONE (Ocean Network Express) Line (i) Pvt. Ltd.,ONE MAGNIFICENCE,0086,KKFU6723181,4530,,N/A,4.50,,GTI (APM Terminals),NOT_FOUND,CTR,4.50,E,BMCT,,,,,,,,,,,NOSEAL,,,,,,,,,,,,,,,,,,,,,,,,,,,,,,,,,,,,,,,,,,,,,,,,,,,,,,,,,,,,,,,
KKFU6739758,4530,,,ONE,T,INBMC,,,V,,,,,,,,,,,,,,,,,,,,,,,,ONE (Ocean Network Express) Line (i) Pvt. Ltd.,ONE MAGNIFICENCE,0086,KKFU6739758,4530,,N/A,4.50,,GTI (APM Terminals),NOT_FOUND,CTR,4.50,E,BMCT,,,,,,,,,,,NOSEAL,,,,,,,,,,,,,,,,,,,,,,,,,,,,,,,,,,,,,,,,,,,,,,,,,,,,,,,,,,,,,,,
KKFU6750891,4530,,,ONE,T,INBMC,,,V,,,,,,,,,,,,,,,,,,,,,,,,ONE (Ocean Network Express) Line (i) Pvt. Ltd.,ONE MAGNIFICENCE,0086,KKFU6750891,4530,,N/A,4.50,,GTI (APM Terminals),NOT_FOUND,CTR,4.50,E,BMCT,,,,,,,,,,,NOSEAL,,,,,,,,,,,,,,,,,,,,,,,,,,,,,,,,,,,,,,,,,,,,,,,,,,,,,,,,,,,,,,,
KKFU6751183,4530,,,ONE,T,INBMC,,,V,,,,,,,,,,,,,,,,,,,,,,,,ONE (Ocean Network Express) Line (i) Pvt. Ltd.,ONE MAGNIFICENCE,0086,KKFU6751183,4530,,N/A,4.50,,GTI (APM Terminals),NOT_FOUND,CTR,4.50,E,BMCT,,,,,,,,,,,NOSEAL,,,,,,,,,,,,,,,,,,,,,,,,,,,,,,,,,,,,,,,,,,,,,,,,,,,,,,,,,,,,,,,
KKFU6754460,4530,,,ONE,T,INBMC,,,V,,,,,,,,,,,,,,,,,,,,,,,,ONE (Ocean Network Express) Line (i) Pvt. Ltd.,ONE MAGNIFICENCE,0086,KKFU6754460,4530,,N/A,4.50,,GTI (APM Terminals),NOT_FOUND,CTR,4.50,E,BMCT,,,,,,,,,,,NOSEAL,,,,,,,,,,,,,,,,,,,,,,,,,,,,,,,,,,,,,,,,,,,,,,,,,,,,,,,,,,,,,,,
KKFU6754752,4530,,,ONE,T,INPAV,,,V,,,,,,,,,,,,,,,,,,,,,,,,ONE (Ocean Network Express) Line (i) Pvt. Ltd.,ONE MAGNIFICENCE,0086,KKFU6754752,4530,,N/A,4.50,,GTI (APM Terminals),NOT_FOUND,CTR,4.50,E,S1731,,,,,,,,,,,NOSEAL,,,,,,,,,,,,,,,,,,,,,,,,,,,,,,,,,,,,,,,,,,,,,,,,,,,,,,,,,,,,,,,
KKFU6757880,4530,,,ONE,T,INBMC,,,V,,,,,,,,,,,,,,,,,,,,,,,,ONE (Ocean Network Express) Line (i) Pvt. Ltd.,ONE MAGNIFICENCE,0086,KKFU6757880,4530,,N/A,4.50,,GTI (APM Terminals),NOT_FOUND,CTR,4.50,E,BMCT,,,,,,,,,,,NOSEAL,,,,,,,,,,,,,,,,,,,,,,,,,,,,,,,,,,,,,,,,,,,,,,,,,,,,,,,,,,,,,,,
KKFU6765567,4530,,,ONE,T,INBMC,,,V,,,,,,,,,,,,,,,,,,,,,,,,ONE (Ocean Network Express) Line (i) Pvt. Ltd.,ONE MAGNIFICENCE,0086,KKFU6765567,4530,,N/A,4.50,,GTI (APM Terminals),NOT_FOUND,CTR,4.50,E,BMCT,,,,,,,,,,,NOSEAL,,,,,,,,,,,,,,,,,,,,,,,,,,,,,,,,,,,,,,,,,,,,,,,,,,,,,,,,,,,,,,,
KKFU6785645,4530,,,ONE,T,INBMC,,,V,,,,,,,,,,,,,,,,,,,,,,,,ONE (Ocean Network Express) Line (i) Pvt. Ltd.,ONE MAGNIFICENCE,0086,KKFU6785645,4530,,N/A,4.50,,GTI (APM Terminals),NOT_FOUND,CTR,4.50,E,BMCT,,,,,,,,,,,NOSEAL,,,,,,,,,,,,,,,,,,,,,,,,,,,,,,,,,,,,,,,,,,,,,,,,,,,,,,,,,,,,,,,
MORU1104202,4530,,,ONE,T,INBMC,,,V,,,,,,,,,,,,,,,,,,,,,,,,ONE (Ocean Network Express) Line (i) Pvt. Ltd.,ONE MAGNIFICENCE,0086,MORU1104202,4530,,N/A,4.50,,GTI (APM Terminals),NOT_FOUND,CTR,4.50,E,BMCT,,,,,,,,,,,NOSEAL,,,,,,,,,,,,,,,,,,,,,,,,,,,,,,,,,,,,,,,,,,,,,,,,,,,,,,,,,,,,,,,
MORU1110864,4530,,,ONE,T,INBMC,,,V,,,,,,,,,,,,,,,,,,,,,,,,ONE (Ocean Network Express) Line (i) Pvt. Ltd.,ONE MAGNIFICENCE,0086,MORU1110864,4530,,N/A,4.50,,GTI (APM Terminals),NOT_FOUND,CTR,4.50,E,BMCT,,,,,,,,,,,NOSEAL,,,,,,,,,,,,,,,,,,,,,,,,,,,,,,,,,,,,,,,,,,,,,,,,,,,,,,,,,,,,,,,
MORU1135100,4530,,,ONE,T,INBMC,,,V,,,,,,,,,,,,,,,,,,,,,,,,ONE (Ocean Network Express) Line (i) Pvt. Ltd.,ONE MAGNIFICENCE,0086,MORU1135100,4530,,N/A,4.50,,GTI (APM Terminals),NOT_FOUND,CTR,4.50,E,BMCT,,,,,,,,,,,NOSEAL,,,,,,,,,,,,,,,,,,,,,,,,,,,,,,,,,,,,,,,,,,,,,,,,,,,,,,,,,,,,,,,
MORU1327145,4530,,,ONE,T,INBMC,,,V,,,,,,,,,,,,,,,,,,,,,,,,ONE (Ocean Network Express) Line (i) Pvt. Ltd.,ONE MAGNIFICENCE,0086,MORU1327145,4530,,N/A,4.50,,GTI (APM Terminals),NOT_FOUND,CTR,4.50,E,BMCT,,,,,,,,,,,NOSEAL,,,,,,,,,,,,,,,,,,,,,,,,,,,,,,,,,,,,,,,,,,,,,,,,,,,,,,,,,,,,,,,
ONEU9005150,4530,,,ONE,T,INBMC,,,V,,,,,,,,,,,,,,,,,,,,,,,,ONE (Ocean Network Express) Line (i) Pvt. Ltd.,ONE MAGNIFICENCE,0086,ONEU9005150,4530,,N/A,4.50,,GTI (APM Terminals),NOT_FOUND,CTR,4.50,E,BMCT,,,,,,,,,,,NOSEAL,,,,,,,,,,,,,,,,,,,,,,,,,,,,,,,,,,,,,,,,,,,,,,,,,,,,,,,,,,,,,,,
ONEU9006480,4530,,,ONE,T,INBMC,,,V,,,,,,,,,,,,,,,,,,,,,,,,ONE (Ocean Network Express) Line (i) Pvt. Ltd.,ONE MAGNIFICENCE,0086,ONEU9006480,4530,,N/A,4.50,,GTI (APM Terminals),NOT_FOUND,CTR,4.50,E,BMCT,,,,,,,,,,,NOSEAL,,,,,,,,,,,,,,,,,,,,,,,,,,,,,,,,,,,,,,,,,,,,,,,,,,,,,,,,,,,,,,,
ONEU9007790,4530,,,ONE,T,INPAV,,,V,,,,,,,,,,,,,,,,,,,,,,,,ONE (Ocean Network Express) Line (i) Pvt. Ltd.,ONE MAGNIFICENCE,0086,ONEU9007790,4530,,N/A,4.50,,GTI (APM Terminals),NOT_FOUND,CTR,4.50,E,S1731,,,,,,,,,,,NOSEAL,,,,,,,,,,,,,,,,,,,,,,,,,,,,,,,,,,,,,,,,,,,,,,,,,,,,,,,,,,,,,,,
ONEU9011830,4530,,,ONE,T,INBMC,,,V,,,,,,,,,,,,,,,,,,,,,,,,ONE (Ocean Network Express) Line (i) Pvt. Ltd.,ONE MAGNIFICENCE,0086,ONEU9011830,4530,,N/A,4.50,,GTI (APM Terminals),NOT_FOUND,CTR,4.50,E,BMCT,,,,,,,,,,,NOSEAL,,,,,,,,,,,,,,,,,,,,,,,,,,,,,,,,,,,,,,,,,,,,,,,,,,,,,,,,,,,,,,,
ONEU9013026,4530,,,ONE,T,INBMC,,,V,,,,,,,,,,,,,,,,,,,,,,,,ONE (Ocean Network Express) Line (i) Pvt. Ltd.,ONE MAGNIFICENCE,0086,ONEU9013026,4530,,N/A,4.50,,GTI (APM Terminals),NOT_FOUND,CTR,4.50,E,BMCT,,,,,,,,,,,NOSEAL,,,,,,,,,,,,,,,,,,,,,,,,,,,,,,,,,,,,,,,,,,,,,,,,,,,,,,,,,,,,,,,
ONEU9013598,4530,,,ONE,T,INBMC,,,V,,,,,,,,,,,,,,,,,,,,,,,,ONE (Ocean Network Express) Line (i) Pvt. Ltd.,ONE MAGNIFICENCE,0086,ONEU9013598,4530,,N/A,4.50,,GTI (APM Terminals),NOT_FOUND,CTR,4.50,E,BMCT,,,,,,,,,,,NOSEAL,,,,,,,,,,,,,,,,,,,,,,,,,,,,,,,,,,,,,,,,,,,,,,,,,,,,,,,,,,,,,,,
ONEU9020175,4530,,,ONE,T,INBMC,,,V,,,,,,,,,,,,,,,,,,,,,,,,ONE (Ocean Network Express) Line (i) Pvt. Ltd.,ONE MAGNIFICENCE,0086,ONEU9020175,4530,,N/A,4.50,,GTI (APM Terminals),NOT_FOUND,CTR,4.50,E,BMCT,,,,,,,,,,,NOSEAL,,,,,,,,,,,,,,,,,,,,,,,,,,,,,,,,,,,,,,,,,,,,,,,,,,,,,,,,,,,,,,,
ONEU9025182,4530,,,ONE,T,INBMC,,,V,,,,,,,,,,,,,,,,,,,,,,,,ONE (Ocean Network Express) Line (i) Pvt. Ltd.,ONE MAGNIFICENCE,0086,ONEU9025182,4530,,N/A,4.50,,GTI (APM Terminals),NOT_FOUND,CTR,4.50,E,BMCT,,,,,,,,,,,NOSEAL,,,,,,,,,,,,,,,,,,,,,,,,,,,,,,,,,,,,,,,,,,,,,,,,,,,,,,,,,,,,,,,
ONEU9025264,4530,,,ONE,T,INBMC,,,V,,,,,,,,,,,,,,,,,,,,,,,,ONE (Ocean Network Express) Line (i) Pvt. Ltd.,ONE MAGNIFICENCE,0086,ONEU9025264,4530,,N/A,4.50,,GTI (APM Terminals),NOT_FOUND,CTR,4.50,E,BMCT,,,,,,,,,,,NOSEAL,,,,,,,,,,,,,,,,,,,,,,,,,,,,,,,,,,,,,,,,,,,,,,,,,,,,,,,,,,,,,,,
ONEU9028957,4530,,,ONE,T,INBMC,,,V,,,,,,,,,,,,,,,,,,,,,,,,ONE (Ocean Network Express) Line (i) Pvt. Ltd.,ONE MAGNIFICENCE,0086,ONEU9028957,4530,,N/A,4.50,,GTI (APM Terminals),NOT_FOUND,CTR,4.50,E,BMCT,,,,,,,,,,,NOSEAL,,,,,,,,,,,,,,,,,,,,,,,,,,,,,,,,,,,,,,,,,,,,,,,,,,,,,,,,,,,,,,,
ONEU9032263,4530,,,ONE,T,INPAV,,,V,,,,,,,,,,,,,,,,,,,,,,,,ONE (Ocean Network Express) Line (i) Pvt. Ltd.,ONE MAGNIFICENCE,0086,ONEU9032263,4530,,N/A,4.50,,GTI (APM Terminals),NOT_FOUND,CTR,4.50,E,S1731,,,,,,,,,,,NOSEAL,,,,,,,,,,,,,,,,,,,,,,,,,,,,,,,,,,,,,,,,,,,,,,,,,,,,,,,,,,,,,,,
ONEU9034250,4530,,,ONE,T,INPAV,,,V,,,,,,,,,,,,,,,,,,,,,,,,ONE (Ocean Network Express) Line (i) Pvt. Ltd.,ONE MAGNIFICENCE,0086,ONEU9034250,4530,,N/A,4.50,,GTI (APM Terminals),NOT_FOUND,CTR,4.50,E,S1731,,,,,,,,,,,NOSEAL,,,,,,,,,,,,,,,,,,,,,,,,,,,,,,,,,,,,,,,,,,,,,,,,,,,,,,,,,,,,,,,
ONEU9037970,4530,,,ONE,T,INPAV,,,V,,,,,,,,,,,,,,,,,,,,,,,,ONE (Ocean Network Express) Line (i) Pvt. Ltd.,ONE MAGNIFICENCE,0086,ONEU9037970,4530,,N/A,4.50,,GTI (APM Terminals),NOT_FOUND,CTR,4.50,E,S1731,,,,,,,,,,,NOSEAL,,,,,,,,,,,,,,,,,,,,,,,,,,,,,,,,,,,,,,,,,,,,,,,,,,,,,,,,,,,,,,,
ONEU9040947,4530,,,ONE,T,INPAV,,,V,,,,,,,,,,,,,,,,,,,,,,,,ONE (Ocean Network Express) Line (i) Pvt. Ltd.,ONE MAGNIFICENCE,0086,ONEU9040947,4530,,N/A,4.50,,GTI (APM Terminals),NOT_FOUND,CTR,4.50,E,S1731,,,,,,,,,,,NOSEAL,,,,,,,,,,,,,,,,,,,,,,,,,,,,,,,,,,,,,,,,,,,,,,,,,,,,,,,,,,,,,,,
ONEU9042805,4530,,,ONE,T,INPAV,,,V,,,,,,,,,,,,,,,,,,,,,,,,ONE (Ocean Network Express) Line (i) Pvt. Ltd.,ONE MAGNIFICENCE,0086,ONEU9042805,4530,,N/A,4.50,,GTI (APM Terminals),NOT_FOUND,CTR,4.50,E,S1731,,,,,,,,,,,NOSEAL,,,,,,,,,,,,,,,,,,,,,,,,,,,,,,,,,,,,,,,,,,,,,,,,,,,,,,,,,,,,,,,
ONEU9055490,4530,,,ONE,T,INBMC,,,V,,,,,,,,,,,,,,,,,,,,,,,,ONE (Ocean Network Express) Line (i) Pvt. Ltd.,ONE MAGNIFICENCE,0086,ONEU9055490,4530,,N/A,4.50,,GTI (APM Terminals),NOT_FOUND,CTR,4.50,E,BMCT,,,,,,,,,,,NOSEAL,,,,,,,,,,,,,,,,,,,,,,,,,,,,,,,,,,,,,,,,,,,,,,,,,,,,,,,,,,,,,,,
ONEU9060692,4530,,,ONE,T,INBMC,,,V,,,,,,,,,,,,,,,,,,,,,,,,ONE (Ocean Network Express) Line (i) Pvt. Ltd.,ONE MAGNIFICENCE,0086,ONEU9060692,4530,,N/A,4.50,,GTI (APM Terminals),NOT_FOUND,CTR,4.50,E,BMCT,,,,,,,,,,,NOSEAL,,,,,,,,,,,,,,,,,,,,,,,,,,,,,,,,,,,,,,,,,,,,,,,,,,,,,,,,,,,,,,,
ONEU9061955,4530,,,ONE,T,INPAV,,,V,,,,,,,,,,,,,,,,,,,,,,,,ONE (Ocean Network Express) Line (i) Pvt. Ltd.,ONE MAGNIFICENCE,0086,ONEU9061955,4530,,N/A,4.50,,GTI (APM Terminals),NOT_FOUND,CTR,4.50,E,S1731,,,,,,,,,,,NOSEAL,,,,,,,,,,,,,,,,,,,,,,,,,,,,,,,,,,,,,,,,,,,,,,,,,,,,,,,,,,,,,,,
ONEU9065586,4530,,,ONE,T,INBMC,,,V,,,,,,,,,,,,,,,,,,,,,,,,ONE (Ocean Network Express) Line (i) Pvt. Ltd.,ONE MAGNIFICENCE,0086,ONEU9065586,4530,,N/A,4.50,,GTI (APM Terminals),NOT_FOUND,CTR,4.50,E,BMCT,,,,,,,,,,,NOSEAL,,,,,,,,,,,,,,,,,,,,,,,,,,,,,,,,,,,,,,,,,,,,,,,,,,,,,,,,,,,,,,,
ONEU9072878,4530,,,ONE,T,INPAV,,,V,,,,,,,,,,,,,,,,,,,,,,,,ONE (Ocean Network Express) Line (i) Pvt. Ltd.,ONE MAGNIFICENCE,0086,ONEU9072878,4530,,N/A,4.50,,GTI (APM Terminals),NOT_FOUND,CTR,4.50,E,S1731,,,,,,,,,,,NOSEAL,,,,,,,,,,,,,,,,,,,,,,,,,,,,,,,,,,,,,,,,,,,,,,,,,,,,,,,,,,,,,,,
ONEU9075060,4530,,,ONE,T,INBMC,,,V,,,,,,,,,,,,,,,,,,,,,,,,ONE (Ocean Network Express) Line (i) Pvt. Ltd.,ONE MAGNIFICENCE,0086,ONEU9075060,4530,,N/A,4.50,,GTI (APM Terminals),NOT_FOUND,CTR,4.50,E,BMCT,,,,,,,,,,,NOSEAL,,,,,,,,,,,,,,,,,,,,,,,,,,,,,,,,,,,,,,,,,,,,,,,,,,,,,,,,,,,,,,,
ONEU9075352,4530,,,ONE,T,INPAV,,,V,,,,,,,,,,,,,,,,,,,,,,,,ONE (Ocean Network Express) Line (i) Pvt. Ltd.,ONE MAGNIFICENCE,0086,ONEU9075352,4530,,N/A,4.50,,GTI (APM Terminals),NOT_FOUND,CTR,4.50,E,S1731,,,,,,,,,,,NOSEAL,,,,,,,,,,,,,,,,,,,,,,,,,,,,,,,,,,,,,,,,,,,,,,,,,,,,,,,,,,,,,,,
ONEU9077334,4530,,,ONE,T,INPAV,,,V,,,,,,,,,,,,,,,,,,,,,,,,ONE (Ocean Network Express) Line (i) Pvt. Ltd.,ONE MAGNIFICENCE,0086,ONEU9077334,4530,,N/A,4.50,,GTI (APM Terminals),NOT_FOUND,CTR,4.50,E,S1731,,,,,,,,,,,NOSEAL,,,,,,,,,,,,,,,,,,,,,,,,,,,,,,,,,,,,,,,,,,,,,,,,,,,,,,,,,,,,,,,
ONEU9081566,4530,,,ONE,T,INPAV,,,V,,,,,,,,,,,,,,,,,,,,,,,,ONE (Ocean Network Express) Line (i) Pvt. Ltd.,ONE MAGNIFICENCE,0086,ONEU9081566,4530,,N/A,4.50,,GTI (APM Terminals),NOT_FOUND,CTR,4.50,E,S1731,,,,,,,,,,,NOSEAL,,,,,,,,,,,,,,,,,,,,,,,,,,,,,,,,,,,,,,,,,,,,,,,,,,,,,,,,,,,,,,,
ONEU9082480,4530,,,ONE,T,INBMC,,,V,,,,,,,,,,,,,,,,,,,,,,,,ONE (Ocean Network Express) Line (i) Pvt. Ltd.,ONE MAGNIFICENCE,0086,ONEU9082480,4530,,N/A,4.50,,GTI (APM Terminals),NOT_FOUND,CTR,4.50,E,BMCT,,,,,,,,,,,NOSEAL,,,,,,,,,,,,,,,,,,,,,,,,,,,,,,,,,,,,,,,,,,,,,,,,,,,,,,,,,,,,,,,
ONEU9084652,4530,,,ONE,T,INBMC,,,V,,,,,,,,,,,,,,,,,,,,,,,,ONE (Ocean Network Express) Line (i) Pvt. Ltd.,ONE MAGNIFICENCE,0086,ONEU9084652,4530,,N/A,4.50,,GTI (APM Terminals),NOT_FOUND,CTR,4.50,E,BMCT,,,,,,,,,,,NOSEAL,,,,,,,,,,,,,,,,,,,,,,,,,,,,,,,,,,,,,,,,,,,,,,,,,,,,,,,,,,,,,,,
ONEU9093762,4530,,,ONE,T,INBMC,,,V,,,,,,,,,,,,,,,,,,,,,,,,ONE (Ocean Network Express) Line (i) Pvt. Ltd.,ONE MAGNIFICENCE,0086,ONEU9093762,4530,,N/A,4.50,,GTI (APM Terminals),NOT_FOUND,CTR,4.50,E,BMCT,,,,,,,,,,,NOSEAL,,,,,,,,,,,,,,,,,,,,,,,,,,,,,,,,,,,,,,,,,,,,,,,,,,,,,,,,,,,,,,,
ONEU9095810,4530,,,ONE,T,INPAV,,,V,,,,,,,,,,,,,,,,,,,,,,,,ONE (Ocean Network Express) Line (i) Pvt. Ltd.,ONE MAGNIFICENCE,0086,ONEU9095810,4530,,N/A,4.50,,GTI (APM Terminals),NOT_FOUND,CTR,4.50,E,S1731,,,,,,,,,,,NOSEAL,,,,,,,,,,,,,,,,,,,,,,,,,,,,,,,,,,,,,,,,,,,,,,,,,,,,,,,,,,,,,,,
ONEU9096925,4530,,,ONE,T,INPAV,,,V,,,,,,,,,,,,,,,,,,,,,,,,ONE (Ocean Network Express) Line (i) Pvt. Ltd.,ONE MAGNIFICENCE,0086,ONEU9096925,4530,,N/A,4.50,,GTI (APM Terminals),NOT_FOUND,CTR,4.50,E,S1731,,,,,,,,,,,NOSEAL,,,,,,,,,,,,,,,,,,,,,,,,,,,,,,,,,,,,,,,,,,,,,,,,,,,,,,,,,,,,,,,
ONEU9106263,4530,,,ONE,T,INPAV,,,V,,,,,,,,,,,,,,,,,,,,,,,,ONE (Ocean Network Express) Line (i) Pvt. Ltd.,ONE MAGNIFICENCE,0086,ONEU9106263,4530,,N/A,4.50,,GTI (APM Terminals),NOT_FOUND,CTR,4.50,E,S1731,,,,,,,,,,,NOSEAL,,,,,,,,,,,,,,,,,,,,,,,,,,,,,,,,,,,,,,,,,,,,,,,,,,,,,,,,,,,,,,,
ONEU9110854,4530,,,ONE,T,INPAV,,,V,,,,,,,,,,,,,,,,,,,,,,,,ONE (Ocean Network Express) Line (i) Pvt. Ltd.,ONE MAGNIFICENCE,0086,ONEU9110854,4530,,N/A,4.50,,GTI (APM Terminals),NOT_FOUND,CTR,4.50,E,S1731,,,,,,,,,,,NOSEAL,,,,,,,,,,,,,,,,,,,,,,,,,,,,,,,,,,,,,,,,,,,,,,,,,,,,,,,,,,,,,,,
ONEU9112137,4530,,,ONE,T,INBMC,,,V,,,,,,,,,,,,,,,,,,,,,,,,ONE (Ocean Network Express) Line (i) Pvt. Ltd.,ONE MAGNIFICENCE,0086,ONEU9112137,4530,,N/A,4.50,,GTI (APM Terminals),NOT_FOUND,CTR,4.50,E,BMCT,,,,,,,,,,,NOSEAL,,,,,,,,,,,,,,,,,,,,,,,,,,,,,,,,,,,,,,,,,,,,,,,,,,,,,,,,,,,,,,,
ONEU9113513,4530,,,ONE,T,INPAV,,,V,,,,,,,,,,,,,,,,,,,,,,,,ONE (Ocean Network Express) Line (i) Pvt. Ltd.,ONE MAGNIFICENCE,0086,ONEU9113513,4530,,N/A,4.50,,GTI (APM Terminals),NOT_FOUND,CTR,4.50,E,S1731,,,,,,,,,,,NOSEAL,,,,,,,,,,,,,,,,,,,,,,,,,,,,,,,,,,,,,,,,,,,,,,,,,,,,,,,,,,,,,,,
ONEU9116739,4530,,,ONE,T,INBMC,,,V,,,,,,,,,,,,,,,,,,,,,,,,ONE (Ocean Network Express) Line (i) Pvt. Ltd.,ONE MAGNIFICENCE,0086,ONEU9116739,4530,,N/A,4.50,,GTI (APM Terminals),NOT_FOUND,CTR,4.50,E,BMCT,,,,,,,,,,,NOSEAL,,,,,,,,,,,,,,,,,,,,,,,,,,,,,,,,,,,,,,,,,,,,,,,,,,,,,,,,,,,,,,,
ONEU9116826,4530,,,ONE,T,INBMC,,,V,,,,,,,,,,,,,,,,,,,,,,,,ONE (Ocean Network Express) Line (i) Pvt. Ltd.,ONE MAGNIFICENCE,0086,ONEU9116826,4530,,N/A,4.50,,GTI (APM Terminals),NOT_FOUND,CTR,4.50,E,BMCT,,,,,,,,,,,NOSEAL,,,,,,,,,,,,,,,,,,,,,,,,,,,,,,,,,,,,,,,,,,,,,,,,,,,,,,,,,,,,,,,
ONEU9117571,4530,,,ONE,T,INBMC,,,V,,,,,,,,,,,,,,,,,,,,,,,,ONE (Ocean Network Express) Line (i) Pvt. Ltd.,ONE MAGNIFICENCE,0086,ONEU9117571,4530,,N/A,4.50,,GTI (APM Terminals),NOT_FOUND,CTR,4.50,E,BMCT,,,,,,,,,,,NOSEAL,,,,,,,,,,,,,,,,,,,,,,,,,,,,,,,,,,,,,,,,,,,,,,,,,,,,,,,,,,,,,,,
ONEU9125073,4530,,,ONE,T,INBMC,,,V,,,,,,,,,,,,,,,,,,,,,,,,ONE (Ocean Network Express) Line (i) Pvt. Ltd.,ONE MAGNIFICENCE,0086,ONEU9125073,4530,,N/A,4.50,,GTI (APM Terminals),NOT_FOUND,CTR,4.50,E,BMCT,,,,,,,,,,,NOSEAL,,,,,,,,,,,,,,,,,,,,,,,,,,,,,,,,,,,,,,,,,,,,,,,,,,,,,,,,,,,,,,,
ONEU9126249,4530,,,ONE,T,INBMC,,,V,,,,,,,,,,,,,,,,,,,,,,,,ONE (Ocean Network Express) Line (i) Pvt. Ltd.,ONE MAGNIFICENCE,0086,ONEU9126249,4530,,N/A,4.50,,GTI (APM Terminals),NOT_FOUND,CTR,4.50,E,BMCT,,,,,,,,,,,NOSEAL,,,,,,,,,,,,,,,,,,,,,,,,,,,,,,,,,,,,,,,,,,,,,,,,,,,,,,,,,,,,,,,
ONEU9128690,4530,,,ONE,T,INPAV,,,V,,,,,,,,,,,,,,,,,,,,,,,,ONE (Ocean Network Express) Line (i) Pvt. Ltd.,ONE MAGNIFICENCE,0086,ONEU9128690,4530,,N/A,4.50,,GTI (APM Terminals),NOT_FOUND,CTR,4.50,E,S1731,,,,,,,,,,,NOSEAL,,,,,,,,,,,,,,,,,,,,,,,,,,,,,,,,,,,,,,,,,,,,,,,,,,,,,,,,,,,,,,,
ONEU9129320,4530,,,ONE,T,INBMC,,,V,,,,,,,,,,,,,,,,,,,,,,,,ONE (Ocean Network Express) Line (i) Pvt. Ltd.,ONE MAGNIFICENCE,0086,ONEU9129320,4530,,N/A,4.50,,GTI (APM Terminals),NOT_FOUND,CTR,4.50,E,BMCT,,,,,,,,,,,NOSEAL,,,,,,,,,,,,,,,,,,,,,,,,,,,,,,,,,,,,,,,,,,,,,,,,,,,,,,,,,,,,,,,
ONEU9130110,4530,,,ONE,T,INBMC,,,V,,,,,,,,,,,,,,,,,,,,,,,,ONE (Ocean Network Express) Line (i) Pvt. Ltd.,ONE MAGNIFICENCE,0086,ONEU9130110,4530,,N/A,4.50,,GTI (APM Terminals),NOT_FOUND,CTR,4.50,E,BMCT,,,,,,,,,,,NOSEAL,,,,,,,,,,,,,,,,,,,,,,,,,,,,,,,,,,,,,,,,,,,,,,,,,,,,,,,,,,,,,,,
ONEU9137048,4530,,,ONE,T,INBMC,,,V,,,,,,,,,,,,,,,,,,,,,,,,ONE (Ocean Network Express) Line (i) Pvt. Ltd.,ONE MAGNIFICENCE,0086,ONEU9137048,4530,,N/A,4.50,,GTI (APM Terminals),NOT_FOUND,CTR,4.50,E,BMCT,,,,,,,,,,,NOSEAL,,,,,,,,,,,,,,,,,,,,,,,,,,,,,,,,,,,,,,,,,,,,,,,,,,,,,,,,,,,,,,,
ONEU9141182,4530,,,ONE,T,INBMC,,,V,,,,,,,,,,,,,,,,,,,,,,,,ONE (Ocean Network Express) Line (i) Pvt. Ltd.,ONE MAGNIFICENCE,0086,ONEU9141182,4530,,N/A,4.50,,GTI (APM Terminals),NOT_FOUND,CTR,4.50,E,BMCT,,,,,,,,,,,NOSEAL,,,,,,,,,,,,,,,,,,,,,,,,,,,,,,,,,,,,,,,,,,,,,,,,,,,,,,,,,,,,,,,
ONEU9144860,4530,,,ONE,T,INBMC,,,V,,,,,,,,,,,,,,,,,,,,,,,,ONE (Ocean Network Express) Line (i) Pvt. Ltd.,ONE MAGNIFICENCE,0086,ONEU9144860,4530,,N/A,4.50,,GTI (APM Terminals),NOT_FOUND,CTR,4.50,E,BMCT,,,,,,,,,,,NOSEAL,,,,,,,,,,,,,,,,,,,,,,,,,,,,,,,,,,,,,,,,,,,,,,,,,,,,,,,,,,,,,,,
ONEU9146733,4530,,,ONE,T,INPAV,,,V,,,,,,,,,,,,,,,,,,,,,,,,ONE (Ocean Network Express) Line (i) Pvt. Ltd.,ONE MAGNIFICENCE,0086,ONEU9146733,4530,,N/A,4.50,,GTI (APM Terminals),NOT_FOUND,CTR,4.50,E,S1731,,,,,,,,,,,NOSEAL,,,,,,,,,,,,,,,,,,,,,,,,,,,,,,,,,,,,,,,,,,,,,,,,,,,,,,,,,,,,,,,
ONEU9158210,4530,,,ONE,T,INBMC,,,V,,,,,,,,,,,,,,,,,,,,,,,,ONE (Ocean Network Express) Line (i) Pvt. Ltd.,ONE MAGNIFICENCE,0086,ONEU9158210,4530,,N/A,4.50,,GTI (APM Terminals),NOT_FOUND,CTR,4.50,E,BMCT,,,,,,,,,,,NOSEAL,,,,,,,,,,,,,,,,,,,,,,,,,,,,,,,,,,,,,,,,,,,,,,,,,,,,,,,,,,,,,,,
ONEU9160177,4530,,,ONE,T,INBMC,,,V,,,,,,,,,,,,,,,,,,,,,,,,ONE (Ocean Network Express) Line (i) Pvt. Ltd.,ONE MAGNIFICENCE,0086,ONEU9160177,4530,,N/A,4.50,,GTI (APM Terminals),NOT_FOUND,CTR,4.50,E,BMCT,,,,,,,,,,,NOSEAL,,,,,,,,,,,,,,,,,,,,,,,,,,,,,,,,,,,,,,,,,,,,,,,,,,,,,,,,,,,,,,,
ONEU9161384,4530,,,ONE,T,INPAV,,,V,,,,,,,,,,,,,,,,,,,,,,,,ONE (Ocean Network Express) Line (i) Pvt. Ltd.,ONE MAGNIFICENCE,0086,ONEU9161384,4530,,N/A,4.50,,GTI (APM Terminals),NOT_FOUND,CTR,4.50,E,S1731,,,,,,,,,,,NOSEAL,,,,,,,,,,,,,,,,,,,,,,,,,,,,,,,,,,,,,,,,,,,,,,,,,,,,,,,,,,,,,,,
ONEU9163685,4530,,,ONE,T,INPAV,,,V,,,,,,,,,,,,,,,,,,,,,,,,ONE (Ocean Network Express) Line (i) Pvt. Ltd.,ONE MAGNIFICENCE,0086,ONEU9163685,4530,,N/A,4.50,,GTI (APM Terminals),NOT_FOUND,CTR,4.50,E,S1731,,,,,,,,,,,NOSEAL,,,,,,,,,,,,,,,,,,,,,,,,,,,,,,,,,,,,,,,,,,,,,,,,,,,,,,,,,,,,,,,
ONEU9165570,4530,,,ONE,T,INBMC,,,V,,,,,,,,,,,,,,,,,,,,,,,,ONE (Ocean Network Express) Line (i) Pvt. Ltd.,ONE MAGNIFICENCE,0086,ONEU9165570,4530,,N/A,4.50,,GTI (APM Terminals),NOT_FOUND,CTR,4.50,E,BMCT,,,,,,,,,,,NOSEAL,,,,,,,,,,,,,,,,,,,,,,,,,,,,,,,,,,,,,,,,,,,,,,,,,,,,,,,,,,,,,,,
ONEU9166874,4530,,,ONE,T,INBMC,,,V,,,,,,,,,,,,,,,,,,,,,,,,ONE (Ocean Network Express) Line (i) Pvt. Ltd.,ONE MAGNIFICENCE,0086,ONEU9166874,4530,,N/A,4.50,,GTI (APM Terminals),NOT_FOUND,CTR,4.50,E,BMCT,,,,,,,,,,,NOSEAL,,,,,,,,,,,,,,,,,,,,,,,,,,,,,,,,,,,,,,,,,,,,,,,,,,,,,,,,,,,,,,,
ONEU9170956,4530,,,ONE,T,INBMC,,,V,,,,,,,,,,,,,,,,,,,,,,,,ONE (Ocean Network Express) Line (i) Pvt. Ltd.,ONE MAGNIFICENCE,0086,ONEU9170956,4530,,N/A,4.50,,GTI (APM Terminals),NOT_FOUND,CTR,4.50,E,BMCT,,,,,,,,,,,NOSEAL,,,,,,,,,,,,,,,,,,,,,,,,,,,,,,,,,,,,,,,,,,,,,,,,,,,,,,,,,,,,,,,
ONEU9172650,4530,,,ONE,T,INBMC,,,V,,,,,,,,,,,,,,,,,,,,,,,,ONE (Ocean Network Express) Line (i) Pvt. Ltd.,ONE MAGNIFICENCE,0086,ONEU9172650,4530,,N/A,4.50,,GTI (APM Terminals),NOT_FOUND,CTR,4.50,E,BMCT,,,,,,,,,,,NOSEAL,,,,,,,,,,,,,,,,,,,,,,,,,,,,,,,,,,,,,,,,,,,,,,,,,,,,,,,,,,,,,,,
ONEU9174231,4530,,,ONE,T,INBMC,,,V,,,,,,,,,,,,,,,,,,,,,,,,ONE (Ocean Network Express) Line (i) Pvt. Ltd.,ONE MAGNIFICENCE,0086,ONEU9174231,4530,,N/A,4.50,,GTI (APM Terminals),NOT_FOUND,CTR,4.50,E,BMCT,,,,,,,,,,,NOSEAL,,,,,,,,,,,,,,,,,,,,,,,,,,,,,,,,,,,,,,,,,,,,,,,,,,,,,,,,,,,,,,,
ONEU9175330,4530,,,ONE,T,INBMC,,,V,,,,,,,,,,,,,,,,,,,,,,,,ONE (Ocean Network Express) Line (i) Pvt. Ltd.,ONE MAGNIFICENCE,0086,ONEU9175330,4530,,N/A,4.50,,GTI (APM Terminals),NOT_FOUND,CTR,4.50,E,BMCT,,,,,,,,,,,NOSEAL,,,,,,,,,,,,,,,,,,,,,,,,,,,,,,,,,,,,,,,,,,,,,,,,,,,,,,,,,,,,,,,
ONEU9176851,4530,,,ONE,T,INPAV,,,V,,,,,,,,,,,,,,,,,,,,,,,,ONE (Ocean Network Express) Line (i) Pvt. Ltd.,ONE MAGNIFICENCE,0086,ONEU9176851,4530,,N/A,4.50,,GTI (APM Terminals),NOT_FOUND,CTR,4.50,E,S1731,,,,,,,,,,,NOSEAL,,,,,,,,,,,,,,,,,,,,,,,,,,,,,,,,,,,,,,,,,,,,,,,,,,,,,,,,,,,,,,,
ONEU9178514,4530,,,ONE,T,INBMC,,,V,,,,,,,,,,,,,,,,,,,,,,,,ONE (Ocean Network Express) Line (i) Pvt. Ltd.,ONE MAGNIFICENCE,0086,ONEU9178514,4530,,N/A,4.50,,GTI (APM Terminals),NOT_FOUND,CTR,4.50,E,BMCT,,,,,,,,,,,NOSEAL,,,,,,,,,,,,,,,,,,,,,,,,,,,,,,,,,,,,,,,,,,,,,,,,,,,,,,,,,,,,,,,
ONEU9179969,4530,,,ONE,T,INPAV,,,V,,,,,,,,,,,,,,,,,,,,,,,,ONE (Ocean Network Express) Line (i) Pvt. Ltd.,ONE MAGNIFICENCE,0086,ONEU9179969,4530,,N/A,4.50,,GTI (APM Terminals),NOT_FOUND,CTR,4.50,E,S1731,,,,,,,,,,,NOSEAL,,,,,,,,,,,,,,,,,,,,,,,,,,,,,,,,,,,,,,,,,,,,,,,,,,,,,,,,,,,,,,,
ONEU9181061,4530,,,ONE,T,INPAV,,,V,,,,,,,,,,,,,,,,,,,,,,,,ONE (Ocean Network Express) Line (i) Pvt. Ltd.,ONE MAGNIFICENCE,0086,ONEU9181061,4530,,N/A,4.50,,GTI (APM Terminals),NOT_FOUND,CTR,4.50,E,S1731,,,,,,,,,,,NOSEAL,,,,,,,,,,,,,,,,,,,,,,,,,,,,,,,,,,,,,,,,,,,,,,,,,,,,,,,,,,,,,,,
ONEU9181884,4530,,,ONE,T,INPAV,,,V,,,,,,,,,,,,,,,,,,,,,,,,ONE (Ocean Network Express) Line (i) Pvt. Ltd.,ONE MAGNIFICENCE,0086,ONEU9181884,4530,,N/A,4.50,,GTI (APM Terminals),NOT_FOUND,CTR,4.50,E,S1731,,,,,,,,,,,NOSEAL,,,,,,,,,,,,,,,,,,,,,,,,,,,,,,,,,,,,,,,,,,,,,,,,,,,,,,,,,,,,,,,
ONEU9187440,4530,,,ONE,T,INBMC,,,V,,,,,,,,,,,,,,,,,,,,,,,,ONE (Ocean Network Express) Line (i) Pvt. Ltd.,ONE MAGNIFICENCE,0086,ONEU9187440,4530,,N/A,4.50,,GTI (APM Terminals),NOT_FOUND,CTR,4.50,E,BMCT,,,,,,,,,,,NOSEAL,,,,,,,,,,,,,,,,,,,,,,,,,,,,,,,,,,,,,,,,,,,,,,,,,,,,,,,,,,,,,,,
ONEU9190910,4530,,,ONE,T,INBMC,,,V,,,,,,,,,,,,,,,,,,,,,,,,ONE (Ocean Network Express) Line (i) Pvt. Ltd.,ONE MAGNIFICENCE,0086,ONEU9190910,4530,,N/A,4.50,,GTI (APM Terminals),NOT_FOUND,CTR,4.50,E,BMCT,,,,,,,,,,,NOSEAL,,,,,,,,,,,,,,,,,,,,,,,,,,,,,,,,,,,,,,,,,,,,,,,,,,,,,,,,,,,,,,,
ONEU9192750,4530,,,ONE,T,INPAV,,,V,,,,,,,,,,,,,,,,,,,,,,,,ONE (Ocean Network Express) Line (i) Pvt. Ltd.,ONE MAGNIFICENCE,0086,ONEU9192750,4530,,N/A,4.50,,GTI (APM Terminals),NOT_FOUND,CTR,4.50,E,S1731,,,,,,,,,,,NOSEAL,,,,,,,,,,,,,,,,,,,,,,,,,,,,,,,,,,,,,,,,,,,,,,,,,,,,,,,,,,,,,,,
ONEU9193490,4530,,,ONE,T,INBMC,,,V,,,,,,,,,,,,,,,,,,,,,,,,ONE (Ocean Network Express) Line (i) Pvt. Ltd.,ONE MAGNIFICENCE,0086,ONEU9193490,4530,,N/A,4.50,,GTI (APM Terminals),NOT_FOUND,CTR,4.50,E,BMCT,,,,,,,,,,,NOSEAL,,,,,,,,,,,,,,,,,,,,,,,,,,,,,,,,,,,,,,,,,,,,,,,,,,,,,,,,,,,,,,,
ONEU9194346,4530,,,ONE,T,INPAV,,,V,,,,,,,,,,,,,,,,,,,,,,,,ONE (Ocean Network Express) Line (i) Pvt. Ltd.,ONE MAGNIFICENCE,0086,ONEU9194346,4530,,N/A,4.50,,GTI (APM Terminals),NOT_FOUND,CTR,4.50,E,S1731,,,,,,,,,,,NOSEAL,,,,,,,,,,,,,,,,,,,,,,,,,,,,,,,,,,,,,,,,,,,,,,,,,,,,,,,,,,,,,,,
ONEU9195358,4530,,,ONE,T,INPAV,,,V,,,,,,,,,,,,,,,,,,,,,,,,ONE (Ocean Network Express) Line (i) Pvt. Ltd.,ONE MAGNIFICENCE,0086,ONEU9195358,4530,,N/A,4.50,,GTI (APM Terminals),NOT_FOUND,CTR,4.50,E,S1731,,,,,,,,,,,NOSEAL,,,,,,,,,,,,,,,,,,,,,,,,,,,,,,,,,,,,,,,,,,,,,,,,,,,,,,,,,,,,,,,
ONEU9205013,4530,,,ONE,T,INPAV,,,V,,,,,,,,,,,,,,,,,,,,,,,,ONE (Ocean Network Express) Line (i) Pvt. Ltd.,ONE MAGNIFICENCE,0086,ONEU9205013,4530,,N/A,4.50,,GTI (APM Terminals),NOT_FOUND,CTR,4.50,E,S1731,,,,,,,,,,,NOSEAL,,,,,,,,,,,,,,,,,,,,,,,,,,,,,,,,,,,,,,,,,,,,,,,,,,,,,,,,,,,,,,,
ONEU9208898,4530,,,ONE,T,INBMC,,,V,,,,,,,,,,,,,,,,,,,,,,,,ONE (Ocean Network Express) Line (i) Pvt. Ltd.,ONE MAGNIFICENCE,0086,ONEU9208898,4530,,N/A,4.50,,GTI (APM Terminals),NOT_FOUND,CTR,4.50,E,BMCT,,,,,,,,,,,NOSEAL,,,,,,,,,,,,,,,,,,,,,,,,,,,,,,,,,,,,,,,,,,,,,,,,,,,,,,,,,,,,,,,
ONEU9209317,4530,,,ONE,T,INPAV,,,V,,,,,,,,,,,,,,,,,,,,,,,,ONE (Ocean Network Express) Line (i) Pvt. Ltd.,ONE MAGNIFICENCE,0086,ONEU9209317,4530,,N/A,4.50,,GTI (APM Terminals),NOT_FOUND,CTR,4.50,E,S1731,,,,,,,,,,,NOSEAL,,,,,,,,,,,,,,,,,,,,,,,,,,,,,,,,,,,,,,,,,,,,,,,,,,,,,,,,,,,,,,,
ONEU9210703,4530,,,ONE,T,INPAV,,,V,,,,,,,,,,,,,,,,,,,,,,,,ONE (Ocean Network Express) Line (i) Pvt. Ltd.,ONE MAGNIFICENCE,0086,ONEU9210703,4530,,N/A,4.50,,GTI (APM Terminals),NOT_FOUND,CTR,4.50,E,S1731,,,,,,,,,,,NOSEAL,,,,,,,,,,,,,,,,,,,,,,,,,,,,,,,,,,,,,,,,,,,,,,,,,,,,,,,,,,,,,,,
ONEU9211870,4530,,,ONE,T,INBMC,,,V,,,,,,,,,,,,,,,,,,,,,,,,ONE (Ocean Network Express) Line (i) Pvt. Ltd.,ONE MAGNIFICENCE,0086,ONEU9211870,4530,,N/A,4.50,,GTI (APM Terminals),NOT_FOUND,CTR,4.50,E,BMCT,,,,,,,,,,,NOSEAL,,,,,,,,,,,,,,,,,,,,,,,,,,,,,,,,,,,,,,,,,,,,,,,,,,,,,,,,,,,,,,,
ONEU9214376,4530,,,ONE,T,INPAV,,,V,,,,,,,,,,,,,,,,,,,,,,,,ONE (Ocean Network Express) Line (i) Pvt. Ltd.,ONE MAGNIFICENCE,0086,ONEU9214376,4530,,N/A,4.50,,GTI (APM Terminals),NOT_FOUND,CTR,4.50,E,S1731,,,,,,,,,,,NOSEAL,,,,,,,,,,,,,,,,,,,,,,,,,,,,,,,,,,,,,,,,,,,,,,,,,,,,,,,,,,,,,,,
ONEU9216701,4530,,,ONE,T,INBMC,,,V,,,,,,,,,,,,,,,,,,,,,,,,ONE (Ocean Network Express) Line (i) Pvt. Ltd.,ONE MAGNIFICENCE,0086,ONEU9216701,4530,,N/A,4.50,,GTI (APM Terminals),NOT_FOUND,CTR,4.50,E,BMCT,,,,,,,,,,,NOSEAL,,,,,,,,,,,,,,,,,,,,,,,,,,,,,,,,,,,,,,,,,,,,,,,,,,,,,,,,,,,,,,,
ONEU9222999,4530,,,ONE,T,INBMC,,,V,,,,,,,,,,,,,,,,,,,,,,,,ONE (Ocean Network Express) Line (i) Pvt. Ltd.,ONE MAGNIFICENCE,0086,ONEU9222999,4530,,N/A,4.50,,GTI (APM Terminals),NOT_FOUND,CTR,4.50,E,BMCT,,,,,,,,,,,NOSEAL,,,,,,,,,,,,,,,,,,,,,,,,,,,,,,,,,,,,,,,,,,,,,,,,,,,,,,,,,,,,,,,
ONEU9224760,4530,,,ONE,T,INPAV,,,V,,,,,,,,,,,,,,,,,,,,,,,,ONE (Ocean Network Express) Line (i) Pvt. Ltd.,ONE MAGNIFICENCE,0086,ONEU9224760,4530,,N/A,4.50,,GTI (APM Terminals),NOT_FOUND,CTR,4.50,E,S1731,,,,,,,,,,,NOSEAL,,,,,,,,,,,,,,,,,,,,,,,,,,,,,,,,,,,,,,,,,,,,,,,,,,,,,,,,,,,,,,,
ONEU9226417,4530,,,ONE,T,INPAV,,,V,,,,,,,,,,,,,,,,,,,,,,,,ONE (Ocean Network Express) Line (i) Pvt. Ltd.,ONE MAGNIFICENCE,0086,ONEU9226417,4530,,N/A,4.50,,GTI (APM Terminals),NOT_FOUND,CTR,4.50,E,S1731,,,,,,,,,,,NOSEAL,,,,,,,,,,,,,,,,,,,,,,,,,,,,,,,,,,,,,,,,,,,,,,,,,,,,,,,,,,,,,,,
ONEU9228620,4530,,,ONE,T,INPAV,,,V,,,,,,,,,,,,,,,,,,,,,,,,ONE (Ocean Network Express) Line (i) Pvt. Ltd.,ONE MAGNIFICENCE,0086,ONEU9228620,4530,,N/A,4.50,,GTI (APM Terminals),NOT_FOUND,CTR,4.50,E,S1731,,,,,,,,,,,NOSEAL,,,,,,,,,,,,,,,,,,,,,,,,,,,,,,,,,,,,,,,,,,,,,,,,,,,,,,,,,,,,,,,
ONEU9229170,4530,,,ONE,T,INBMC,,,V,,,,,,,,,,,,,,,,,,,,,,,,ONE (Ocean Network Express) Line (i) Pvt. Ltd.,ONE MAGNIFICENCE,0086,ONEU9229170,4530,,N/A,4.50,,GTI (APM Terminals),NOT_FOUND,CTR,4.50,E,BMCT,,,,,,,,,,,NOSEAL,,,,,,,,,,,,,,,,,,,,,,,,,,,,,,,,,,,,,,,,,,,,,,,,,,,,,,,,,,,,,,,
ONEU9231748,4530,,,ONE,T,INPAV,,,V,,,,,,,,,,,,,,,,,,,,,,,,ONE (Ocean Network Express) Line (i) Pvt. Ltd.,ONE MAGNIFICENCE,0086,ONEU9231748,4530,,N/A,4.50,,GTI (APM Terminals),NOT_FOUND,CTR,4.50,E,S1731,,,,,,,,,,,NOSEAL,,,,,,,,,,,,,,,,,,,,,,,,,,,,,,,,,,,,,,,,,,,,,,,,,,,,,,,,,,,,,,,
ONEU9234916,4530,,,ONE,T,INBMC,,,V,,,,,,,,,,,,,,,,,,,,,,,,ONE (Ocean Network Express) Line (i) Pvt. Ltd.,ONE MAGNIFICENCE,0086,ONEU9234916,4530,,N/A,4.50,,GTI (APM Terminals),NOT_FOUND,CTR,4.50,E,BMCT,,,,,,,,,,,NOSEAL,,,,,,,,,,,,,,,,,,,,,,,,,,,,,,,,,,,,,,,,,,,,,,,,,,,,,,,,,,,,,,,
ONEU9236776,4530,,,ONE,T,INPAV,,,V,,,,,,,,,,,,,,,,,,,,,,,,ONE (Ocean Network Express) Line (i) Pvt. Ltd.,ONE MAGNIFICENCE,0086,ONEU9236776,4530,,N/A,4.50,,GTI (APM Terminals),NOT_FOUND,CTR,4.50,E,S1731,,,,,,,,,,,NOSEAL,,,,,,,,,,,,,,,,,,,,,,,,,,,,,,,,,,,,,,,,,,,,,,,,,,,,,,,,,,,,,,,
ONEU9236879,4530,,,ONE,T,INPAV,,,V,,,,,,,,,,,,,,,,,,,,,,,,ONE (Ocean Network Express) Line (i) Pvt. Ltd.,ONE MAGNIFICENCE,0086,ONEU9236879,4530,,N/A,4.50,,GTI (APM Terminals),NOT_FOUND,CTR,4.50,E,S1731,,,,,,,,,,,NOSEAL,,,,,,,,,,,,,,,,,,,,,,,,,,,,,,,,,,,,,,,,,,,,,,,,,,,,,,,,,,,,,,,
ONEU9240626,4530,,,ONE,T,INPAV,,,V,,,,,,,,,,,,,,,,,,,,,,,,ONE (Ocean Network Express) Line (i) Pvt. Ltd.,ONE MAGNIFICENCE,0086,ONEU9240626,4530,,N/A,4.50,,GTI (APM Terminals),NOT_FOUND,CTR,4.50,E,S1731,,,,,,,,,,,NOSEAL,,,,,,,,,,,,,,,,,,,,,,,,,,,,,,,,,,,,,,,,,,,,,,,,,,,,,,,,,,,,,,,
ONEU9241915,4530,,,ONE,T,INPAV,,,V,,,,,,,,,,,,,,,,,,,,,,,,ONE (Ocean Network Express) Line (i) Pvt. Ltd.,ONE MAGNIFICENCE,0086,ONEU9241915,4530,,N/A,4.50,,GTI (APM Terminals),NOT_FOUND,CTR,4.50,E,S1731,,,,,,,,,,,NOSEAL,,,,,,,,,,,,,,,,,,,,,,,,,,,,,,,,,,,,,,,,,,,,,,,,,,,,,,,,,,,,,,,
ONEU9242505,4530,,,ONE,T,INBMC,,,V,,,,,,,,,,,,,,,,,,,,,,,,ONE (Ocean Network Express) Line (i) Pvt. Ltd.,ONE MAGNIFICENCE,0086,ONEU9242505,4530,,N/A,4.50,,GTI (APM Terminals),NOT_FOUND,CTR,4.50,E,BMCT,,,,,,,,,,,NOSEAL,,,,,,,,,,,,,,,,,,,,,,,,,,,,,,,,,,,,,,,,,,,,,,,,,,,,,,,,,,,,,,,
ONEU9245675,4530,,,ONE,T,INPAV,,,V,,,,,,,,,,,,,,,,,,,,,,,,ONE (Ocean Network Express) Line (i) Pvt. Ltd.,ONE MAGNIFICENCE,0086,ONEU9245675,4530,,N/A,4.50,,GTI (APM Terminals),NOT_FOUND,CTR,4.50,E,S1731,,,,,,,,,,,NOSEAL,,,,,,,,,,,,,,,,,,,,,,,,,,,,,,,,,,,,,,,,,,,,,,,,,,,,,,,,,,,,,,,
ONEU9248519,4530,,,ONE,T,INBMC,,,V,,,,,,,,,,,,,,,,,,,,,,,,ONE (Ocean Network Express) Line (i) Pvt. Ltd.,ONE MAGNIFICENCE,0086,ONEU9248519,4530,,N/A,4.50,,GTI (APM Terminals),NOT_FOUND,CTR,4.50,E,BMCT,,,,,,,,,,,NOSEAL,,,,,,,,,,,,,,,,,,,,,,,,,,,,,,,,,,,,,,,,,,,,,,,,,,,,,,,,,,,,,,,
ONEU9255077,4530,,,ONE,T,INPAV,,,V,,,,,,,,,,,,,,,,,,,,,,,,ONE (Ocean Network Express) Line (i) Pvt. Ltd.,ONE MAGNIFICENCE,0086,ONEU9255077,4530,,N/A,4.50,,GTI (APM Terminals),NOT_FOUND,CTR,4.50,E,S1731,,,,,,,,,,,NOSEAL,,,,,,,,,,,,,,,,,,,,,,,,,,,,,,,,,,,,,,,,,,,,,,,,,,,,,,,,,,,,,,,
ONEU9256812,4530,,,ONE,T,INPAV,,,V,,,,,,,,,,,,,,,,,,,,,,,,ONE (Ocean Network Express) Line (i) Pvt. Ltd.,ONE MAGNIFICENCE,0086,ONEU9256812,4530,,N/A,4.50,,GTI (APM Terminals),NOT_FOUND,CTR,4.50,E,S1731,,,,,,,,,,,NOSEAL,,,,,,,,,,,,,,,,,,,,,,,,,,,,,,,,,,,,,,,,,,,,,,,,,,,,,,,,,,,,,,,
ONEU9256875,4530,,,ONE,T,INPAV,,,V,,,,,,,,,,,,,,,,,,,,,,,,ONE (Ocean Network Express) Line (i) Pvt. Ltd.,ONE MAGNIFICENCE,0086,ONEU9256875,4530,,N/A,4.50,,GTI (APM Terminals),NOT_FOUND,CTR,4.50,E,S1731,,,,,,,,,,,NOSEAL,,,,,,,,,,,,,,,,,,,,,,,,,,,,,,,,,,,,,,,,,,,,,,,,,,,,,,,,,,,,,,,
ONEU9256920,4530,,,ONE,T,INPAV,,,V,,,,,,,,,,,,,,,,,,,,,,,,ONE (Ocean Network Express) Line (i) Pvt. Ltd.,ONE MAGNIFICENCE,0086,ONEU9256920,4530,,N/A,4.50,,GTI (APM Terminals),NOT_FOUND,CTR,4.50,E,S1731,,,,,,,,,,,NOSEAL,,,,,,,,,,,,,,,,,,,,,,,,,,,,,,,,,,,,,,,,,,,,,,,,,,,,,,,,,,,,,,,
ONEU9257125,4530,,,ONE,T,INPAV,,,V,,,,,,,,,,,,,,,,,,,,,,,,ONE (Ocean Network Express) Line (i) Pvt. Ltd.,ONE MAGNIFICENCE,0086,ONEU9257125,4530,,N/A,4.50,,GTI (APM Terminals),NOT_FOUND,CTR,4.50,E,S1731,,,,,,,,,,,NOSEAL,,,,,,,,,,,,,,,,,,,,,,,,,,,,,,,,,,,,,,,,,,,,,,,,,,,,,,,,,,,,,,,
ONEU9260197,4530,,,ONE,T,INPAV,,,V,,,,,,,,,,,,,,,,,,,,,,,,ONE (Ocean Network Express) Line (i) Pvt. Ltd.,ONE MAGNIFICENCE,0086,ONEU9260197,4530,,N/A,4.50,,GTI (APM Terminals),NOT_FOUND,CTR,4.50,E,S1731,,,,,,,,,,,NOSEAL,,,,,,,,,,,,,,,,,,,,,,,,,,,,,,,,,,,,,,,,,,,,,,,,,,,,,,,,,,,,,,,
ONEU9261927,4530,,,ONE,T,INPAV,,,V,,,,,,,,,,,,,,,,,,,,,,,,ONE (Ocean Network Express) Line (i) Pvt. Ltd.,ONE MAGNIFICENCE,0086,ONEU9261927,4530,,N/A,4.50,,GTI (APM Terminals),NOT_FOUND,CTR,4.50,E,S1731,,,,,,,,,,,NOSEAL,,,,,,,,,,,,,,,,,,,,,,,,,,,,,,,,,,,,,,,,,,,,,,,,,,,,,,,,,,,,,,,
ONEU9273595,4530,,,ONE,T,INPAV,,,V,,,,,,,,,,,,,,,,,,,,,,,,ONE (Ocean Network Express) Line (i) Pvt. Ltd.,ONE MAGNIFICENCE,0086,ONEU9273595,4530,,N/A,4.50,,GTI (APM Terminals),NOT_FOUND,CTR,4.50,E,S1731,,,,,,,,,,,NOSEAL,,,,,,,,,,,,,,,,,,,,,,,,,,,,,,,,,,,,,,,,,,,,,,,,,,,,,,,,,,,,,,,
ONEU9278088,4530,,,ONE,T,INBMC,,,V,,,,,,,,,,,,,,,,,,,,,,,,ONE (Ocean Network Express) Line (i) Pvt. Ltd.,ONE MAGNIFICENCE,0086,ONEU9278088,4530,,N/A,4.50,,GTI (APM Terminals),NOT_FOUND,CTR,4.50,E,BMCT,,,,,,,,,,,NOSEAL,,,,,,,,,,,,,,,,,,,,,,,,,,,,,,,,,,,,,,,,,,,,,,,,,,,,,,,,,,,,,,,
ONEU9280980,4530,,,ONE,T,INPAV,,,V,,,,,,,,,,,,,,,,,,,,,,,,ONE (Ocean Network Express) Line (i) Pvt. Ltd.,ONE MAGNIFICENCE,0086,ONEU9280980,4530,,N/A,4.50,,GTI (APM Terminals),NOT_FOUND,CTR,4.50,E,S1731,,,,,,,,,,,NOSEAL,,,,,,,,,,,,,,,,,,,,,,,,,,,,,,,,,,,,,,,,,,,,,,,,,,,,,,,,,,,,,,,
ONEU9285174,4530,,,ONE,T,INPAV,,,V,,,,,,,,,,,,,,,,,,,,,,,,ONE (Ocean Network Express) Line (i) Pvt. Ltd.,ONE MAGNIFICENCE,0086,ONEU9285174,4530,,N/A,4.50,,GTI (APM Terminals),NOT_FOUND,CTR,4.50,E,S1731,,,,,,,,,,,NOSEAL,,,,,,,,,,,,,,,,,,,,,,,,,,,,,,,,,,,,,,,,,,,,,,,,,,,,,,,,,,,,,,,
ONEU9288872,4530,,,ONE,T,INPAV,,,V,,,,,,,,,,,,,,,,,,,,,,,,ONE (Ocean Network Express) Line (i) Pvt. Ltd.,ONE MAGNIFICENCE,0086,ONEU9288872,4530,,N/A,4.50,,GTI (APM Terminals),NOT_FOUND,CTR,4.50,E,S1731,,,,,,,,,,,NOSEAL,,,,,,,,,,,,,,,,,,,,,,,,,,,,,,,,,,,,,,,,,,,,,,,,,,,,,,,,,,,,,,,
ONEU9291900,4530,,,ONE,T,INBMC,,,V,,,,,,,,,,,,,,,,,,,,,,,,ONE (Ocean Network Express) Line (i) Pvt. Ltd.,ONE MAGNIFICENCE,0086,ONEU9291900,4530,,N/A,4.50,,GTI (APM Terminals),NOT_FOUND,CTR,4.50,E,BMCT,,,,,,,,,,,NOSEAL,,,,,,,,,,,,,,,,,,,,,,,,,,,,,,,,,,,,,,,,,,,,,,,,,,,,,,,,,,,,,,,
ONEU9292091,4530,,,ONE,T,INPAV,,,V,,,,,,,,,,,,,,,,,,,,,,,,ONE (Ocean Network Express) Line (i) Pvt. Ltd.,ONE MAGNIFICENCE,0086,ONEU9292091,4530,,N/A,4.50,,GTI (APM Terminals),NOT_FOUND,CTR,4.50,E,S1731,,,,,,,,,,,NOSEAL,,,,,,,,,,,,,,,,,,,,,,,,,,,,,,,,,,,,,,,,,,,,,,,,,,,,,,,,,,,,,,,
ONEU9300598,4530,,,ONE,T,INPAV,,,V,,,,,,,,,,,,,,,,,,,,,,,,ONE (Ocean Network Express) Line (i) Pvt. Ltd.,ONE MAGNIFICENCE,0086,ONEU9300598,4530,,N/A,4.50,,GTI (APM Terminals),NOT_FOUND,CTR,4.50,E,S1731,,,,,,,,,,,NOSEAL,,,,,,,,,,,,,,,,,,,,,,,,,,,,,,,,,,,,,,,,,,,,,,,,,,,,,,,,,,,,,,,
ONEU9300920,4530,,,ONE,T,INPAV,,,V,,,,,,,,,,,,,,,,,,,,,,,,ONE (Ocean Network Express) Line (i) Pvt. Ltd.,ONE MAGNIFICENCE,0086,ONEU9300920,4530,,N/A,4.50,,GTI (APM Terminals),NOT_FOUND,CTR,4.50,E,S1731,,,,,,,,,,,NOSEAL,,,,,,,,,,,,,,,,,,,,,,,,,,,,,,,,,,,,,,,,,,,,,,,,,,,,,,,,,,,,,,,
ONEU9305305,4530,,,ONE,T,INPAV,,,V,,,,,,,,,,,,,,,,,,,,,,,,ONE (Ocean Network Express) Line (i) Pvt. Ltd.,ONE MAGNIFICENCE,0086,ONEU9305305,4530,,N/A,4.50,,GTI (APM Terminals),NOT_FOUND,CTR,4.50,E,S1731,,,,,,,,,,,NOSEAL,,,,,,,,,,,,,,,,,,,,,,,,,,,,,,,,,,,,,,,,,,,,,,,,,,,,,,,,,,,,,,,
ONEU9306997,4530,,,ONE,T,INPAV,,,V,,,,,,,,,,,,,,,,,,,,,,,,ONE (Ocean Network Express) Line (i) Pvt. Ltd.,ONE MAGNIFICENCE,0086,ONEU9306997,4530,,N/A,4.50,,GTI (APM Terminals),NOT_FOUND,CTR,4.50,E,S1731,,,,,,,,,,,NOSEAL,,,,,,,,,,,,,,,,,,,,,,,,,,,,,,,,,,,,,,,,,,,,,,,,,,,,,,,,,,,,,,,
ONEU9309656,4530,,,ONE,T,INPAV,,,V,,,,,,,,,,,,,,,,,,,,,,,,ONE (Ocean Network Express) Line (i) Pvt. Ltd.,ONE MAGNIFICENCE,0086,ONEU9309656,4530,,N/A,4.50,,GTI (APM Terminals),NOT_FOUND,CTR,4.50,E,S1731,,,,,,,,,,,NOSEAL,,,,,,,,,,,,,,,,,,,,,,,,,,,,,,,,,,,,,,,,,,,,,,,,,,,,,,,,,,,,,,,
ONEU9316845,4530,,,ONE,T,INPAV,,,V,,,,,,,,,,,,,,,,,,,,,,,,ONE (Ocean Network Express) Line (i) Pvt. Ltd.,ONE MAGNIFICENCE,0086,ONEU9316845,4530,,N/A,4.50,,GTI (APM Terminals),NOT_FOUND,CTR,4.50,E,S1731,,,,,,,,,,,NOSEAL,,,,,,,,,,,,,,,,,,,,,,,,,,,,,,,,,,,,,,,,,,,,,,,,,,,,,,,,,,,,,,,
ONEU9328131,4530,,,ONE,T,INBMC,,,V,,,,,,,,,,,,,,,,,,,,,,,,ONE (Ocean Network Express) Line (i) Pvt. Ltd.,ONE MAGNIFICENCE,0086,ONEU9328131,4530,,N/A,4.50,,GTI (APM Terminals),NOT_FOUND,CTR,4.50,E,BMCT,,,,,,,,,,,NOSEAL,,,,,,,,,,,,,,,,,,,,,,,,,,,,,,,,,,,,,,,,,,,,,,,,,,,,,,,,,,,,,,,
ONEU9328960,4530,,,ONE,T,INPAV,,,V,,,,,,,,,,,,,,,,,,,,,,,,ONE (Ocean Network Express) Line (i) Pvt. Ltd.,ONE MAGNIFICENCE,0086,ONEU9328960,4530,,N/A,4.50,,GTI (APM Terminals),NOT_FOUND,CTR,4.50,E,S1731,,,,,,,,,,,NOSEAL,,,,,,,,,,,,,,,,,,,,,,,,,,,,,,,,,,,,,,,,,,,,,,,,,,,,,,,,,,,,,,,
ONEU9330674,4530,,,ONE,T,INBMC,,,V,,,,,,,,,,,,,,,,,,,,,,,,ONE (Ocean Network Express) Line (i) Pvt. Ltd.,ONE MAGNIFICENCE,0086,ONEU9330674,4530,,N/A,4.50,,GTI (APM Terminals),NOT_FOUND,CTR,4.50,E,BMCT,,,,,,,,,,,NOSEAL,,,,,,,,,,,,,,,,,,,,,,,,,,,,,,,,,,,,,,,,,,,,,,,,,,,,,,,,,,,,,,,
ONEU9338058,4530,,,ONE,T,INPAV,,,V,,,,,,,,,,,,,,,,,,,,,,,,ONE (Ocean Network Express) Line (i) Pvt. Ltd.,ONE MAGNIFICENCE,0086,ONEU9338058,4530,,N/A,4.50,,GTI (APM Terminals),NOT_FOUND,CTR,4.50,E,S1731,,,,,,,,,,,NOSEAL,,,,,,,,,,,,,,,,,,,,,,,,,,,,,,,,,,,,,,,,,,,,,,,,,,,,,,,,,,,,,,,
ONEU9340538,4530,,,ONE,T,INPAV,,,V,,,,,,,,,,,,,,,,,,,,,,,,ONE (Ocean Network Express) Line (i) Pvt. Ltd.,ONE MAGNIFICENCE,0086,ONEU9340538,4530,,N/A,4.50,,GTI (APM Terminals),NOT_FOUND,CTR,4.50,E,S1731,,,,,,,,,,,NOSEAL,,,,,,,,,,,,,,,,,,,,,,,,,,,,,,,,,,,,,,,,,,,,,,,,,,,,,,,,,,,,,,,
ONEU9343732,4530,,,ONE,T,INBMC,,,V,,,,,,,,,,,,,,,,,,,,,,,,ONE (Ocean Network Express) Line (i) Pvt. Ltd.,ONE MAGNIFICENCE,0086,ONEU9343732,4530,,N/A,4.50,,GTI (APM Terminals),NOT_FOUND,CTR,4.50,E,BMCT,,,,,,,,,,,NOSEAL,,,,,,,,,,,,,,,,,,,,,,,,,,,,,,,,,,,,,,,,,,,,,,,,,,,,,,,,,,,,,,,
ONEU9345674,4530,,,ONE,T,INPAV,,,V,,,,,,,,,,,,,,,,,,,,,,,,ONE (Ocean Network Express) Line (i) Pvt. Ltd.,ONE MAGNIFICENCE,0086,ONEU9345674,4530,,N/A,4.50,,GTI (APM Terminals),NOT_FOUND,CTR,4.50,E,S1731,,,,,,,,,,,NOSEAL,,,,,,,,,,,,,,,,,,,,,,,,,,,,,,,,,,,,,,,,,,,,,,,,,,,,,,,,,,,,,,,
ONEU9347810,4530,,,ONE,T,INPAV,,,V,,,,,,,,,,,,,,,,,,,,,,,,ONE (Ocean Network Express) Line (i) Pvt. Ltd.,ONE MAGNIFICENCE,0086,ONEU9347810,4530,,N/A,4.50,,GTI (APM Terminals),NOT_FOUND,CTR,4.50,E,S1731,,,,,,,,,,,NOSEAL,,,,,,,,,,,,,,,,,,,,,,,,,,,,,,,,,,,,,,,,,,,,,,,,,,,,,,,,,,,,,,,
ONEU9348457,4530,,,ONE,T,INBMC,,,V,,,,,,,,,,,,,,,,,,,,,,,,ONE (Ocean Network Express) Line (i) Pvt. Ltd.,ONE MAGNIFICENCE,0086,ONEU9348457,4530,,N/A,4.50,,GTI (APM Terminals),NOT_FOUND,CTR,4.50,E,BMCT,,,,,,,,,,,NOSEAL,,,,,,,,,,,,,,,,,,,,,,,,,,,,,,,,,,,,,,,,,,,,,,,,,,,,,,,,,,,,,,,
ONEU9351492,4530,,,ONE,T,INPAV,,,V,,,,,,,,,,,,,,,,,,,,,,,,ONE (Ocean Network Express) Line (i) Pvt. Ltd.,ONE MAGNIFICENCE,0086,ONEU9351492,4530,,N/A,4.50,,GTI (APM Terminals),NOT_FOUND,CTR,4.50,E,S1731,,,,,,,,,,,NOSEAL,,,,,,,,,,,,,,,,,,,,,,,,,,,,,,,,,,,,,,,,,,,,,,,,,,,,,,,,,,,,,,,
ONEU9351506,4530,,,ONE,T,INPAV,,,V,,,,,,,,,,,,,,,,,,,,,,,,ONE (Ocean Network Express) Line (i) Pvt. Ltd.,ONE MAGNIFICENCE,0086,ONEU9351506,4530,,N/A,4.50,,GTI (APM Terminals),NOT_FOUND,CTR,4.50,E,S1731,,,,,,,,,,,NOSEAL,,,,,,,,,,,,,,,,,,,,,,,,,,,,,,,,,,,,,,,,,,,,,,,,,,,,,,,,,,,,,,,
ONEU9353406,4530,,,ONE,T,INPAV,,,V,,,,,,,,,,,,,,,,,,,,,,,,ONE (Ocean Network Express) Line (i) Pvt. Ltd.,ONE MAGNIFICENCE,0086,ONEU9353406,4530,,N/A,4.50,,GTI (APM Terminals),NOT_FOUND,CTR,4.50,E,S1731,,,,,,,,,,,NOSEAL,,,,,,,,,,,,,,,,,,,,,,,,,,,,,,,,,,,,,,,,,,,,,,,,,,,,,,,,,,,,,,,
ONEU9358809,4530,,,ONE,T,INPAV,,,V,,,,,,,,,,,,,,,,,,,,,,,,ONE (Ocean Network Express) Line (i) Pvt. Ltd.,ONE MAGNIFICENCE,0086,ONEU9358809,4530,,N/A,4.50,,GTI (APM Terminals),NOT_FOUND,CTR,4.50,E,S1731,,,,,,,,,,,NOSEAL,,,,,,,,,,,,,,,,,,,,,,,,,,,,,,,,,,,,,,,,,,,,,,,,,,,,,,,,,,,,,,,
ONEU9366260,4530,,,ONE,T,INPAV,,,V,,,,,,,,,,,,,,,,,,,,,,,,ONE (Ocean Network Express) Line (i) Pvt. Ltd.,ONE MAGNIFICENCE,0086,ONEU9366260,4530,,N/A,4.50,,GTI (APM Terminals),NOT_FOUND,CTR,4.50,E,S1731,,,,,,,,,,,NOSEAL,,,,,,,,,,,,,,,,,,,,,,,,,,,,,,,,,,,,,,,,,,,,,,,,,,,,,,,,,,,,,,,
ONEU9369640,4530,,,ONE,T,INBMC,,,V,,,,,,,,,,,,,,,,,,,,,,,,ONE (Ocean Network Express) Line (i) Pvt. Ltd.,ONE MAGNIFICENCE,0086,ONEU9369640,4530,,N/A,4.50,,GTI (APM Terminals),NOT_FOUND,CTR,4.50,E,BMCT,,,,,,,,,,,NOSEAL,,,,,,,,,,,,,,,,,,,,,,,,,,,,,,,,,,,,,,,,,,,,,,,,,,,,,,,,,,,,,,,
ONEU9375344,4530,,,ONE,T,INPAV,,,V,,,,,,,,,,,,,,,,,,,,,,,,ONE (Ocean Network Express) Line (i) Pvt. Ltd.,ONE MAGNIFICENCE,0086,ONEU9375344,4530,,N/A,4.50,,GTI (APM Terminals),NOT_FOUND,CTR,4.50,E,S1731,,,,,,,,,,,NOSEAL,,,,,,,,,,,,,,,,,,,,,,,,,,,,,,,,,,,,,,,,,,,,,,,,,,,,,,,,,,,,,,,
ONEU9379761,4530,,,ONE,T,INPAV,,,V,,,,,,,,,,,,,,,,,,,,,,,,ONE (Ocean Network Express) Line (i) Pvt. Ltd.,ONE MAGNIFICENCE,0086,ONEU9379761,4530,,N/A,4.50,,GTI (APM Terminals),NOT_FOUND,CTR,4.50,E,S1731,,,,,,,,,,,NOSEAL,,,,,,,,,,,,,,,,,,,,,,,,,,,,,,,,,,,,,,,,,,,,,,,,,,,,,,,,,,,,,,,
ONEU9382580,4530,,,ONE,T,INPAV,,,V,,,,,,,,,,,,,,,,,,,,,,,,ONE (Ocean Network Express) Line (i) Pvt. Ltd.,ONE MAGNIFICENCE,0086,ONEU9382580,4530,,N/A,4.50,,GTI (APM Terminals),NOT_FOUND,CTR,4.50,E,S1731,,,,,,,,,,,NOSEAL,,,,,,,,,,,,,,,,,,,,,,,,,,,,,,,,,,,,,,,,,,,,,,,,,,,,,,,,,,,,,,,
ONEU9390117,4530,,,ONE,T,INPAV,,,V,,,,,,,,,,,,,,,,,,,,,,,,ONE (Ocean Network Express) Line (i) Pvt. Ltd.,ONE MAGNIFICENCE,0086,ONEU9390117,4530,,N/A,4.50,,GTI (APM Terminals),NOT_FOUND,CTR,4.50,E,S1731,,,,,,,,,,,NOSEAL,,,,,,,,,,,,,,,,,,,,,,,,,,,,,,,,,,,,,,,,,,,,,,,,,,,,,,,,,,,,,,,
ONEU9390884,4530,,,ONE,T,INPAV,,,V,,,,,,,,,,,,,,,,,,,,,,,,ONE (Ocean Network Express) Line (i) Pvt. Ltd.,ONE MAGNIFICENCE,0086,ONEU9390884,4530,,N/A,4.50,,GTI (APM Terminals),NOT_FOUND,CTR,4.50,E,S1731,,,,,,,,,,,NOSEAL,,,,,,,,,,,,,,,,,,,,,,,,,,,,,,,,,,,,,,,,,,,,,,,,,,,,,,,,,,,,,,,
ONEU9393693,4530,,,ONE,T,INPAV,,,V,,,,,,,,,,,,,,,,,,,,,,,,ONE (Ocean Network Express) Line (i) Pvt. Ltd.,ONE MAGNIFICENCE,0086,ONEU9393693,4530,,N/A,4.50,,GTI (APM Terminals),NOT_FOUND,CTR,4.50,E,S1731,,,,,,,,,,,NOSEAL,,,,,,,,,,,,,,,,,,,,,,,,,,,,,,,,,,,,,,,,,,,,,,,,,,,,,,,,,,,,,,,
ONEU9396645,4530,,,ONE,T,INPAV,,,V,,,,,,,,,,,,,,,,,,,,,,,,ONE (Ocean Network Express) Line (i) Pvt. Ltd.,ONE MAGNIFICENCE,0086,ONEU9396645,4530,,N/A,4.50,,GTI (APM Terminals),NOT_FOUND,CTR,4.50,E,S1731,,,,,,,,,,,NOSEAL,,,,,,,,,,,,,,,,,,,,,,,,,,,,,,,,,,,,,,,,,,,,,,,,,,,,,,,,,,,,,,,
ONEU9397765,4530,,,ONE,T,INPAV,,,V,,,,,,,,,,,,,,,,,,,,,,,,ONE (Ocean Network Express) Line (i) Pvt. Ltd.,ONE MAGNIFICENCE,0086,ONEU9397765,4530,,N/A,4.50,,GTI (APM Terminals),NOT_FOUND,CTR,4.50,E,S1731,,,,,,,,,,,NOSEAL,,,,,,,,,,,,,,,,,,,,,,,,,,,,,,,,,,,,,,,,,,,,,,,,,,,,,,,,,,,,,,,
ONEU9399665,4530,,,ONE,T,INPAV,,,V,,,,,,,,,,,,,,,,,,,,,,,,ONE (Ocean Network Express) Line (i) Pvt. Ltd.,ONE MAGNIFICENCE,0086,ONEU9399665,4530,,N/A,4.50,,GTI (APM Terminals),NOT_FOUND,CTR,4.50,E,S1731,,,,,,,,,,,NOSEAL,,,,,,,,,,,,,,,,,,,,,,,,,,,,,,,,,,,,,,,,,,,,,,,,,,,,,,,,,,,,,,,
ONEU9406471,4530,,,ONE,T,INPAV,,,V,,,,,,,,,,,,,,,,,,,,,,,,ONE (Ocean Network Express) Line (i) Pvt. Ltd.,ONE MAGNIFICENCE,0086,ONEU9406471,4530,,N/A,4.50,,GTI (APM Terminals),NOT_FOUND,CTR,4.50,E,S1731,,,,,,,,,,,NOSEAL,,,,,,,,,,,,,,,,,,,,,,,,,,,,,,,,,,,,,,,,,,,,,,,,,,,,,,,,,,,,,,,
ONEU9409819,4530,,,ONE,T,INPAV,,,V,,,,,,,,,,,,,,,,,,,,,,,,ONE (Ocean Network Express) Line (i) Pvt. Ltd.,ONE MAGNIFICENCE,0086,ONEU9409819,4530,,N/A,4.50,,GTI (APM Terminals),NOT_FOUND,CTR,4.50,E,S1731,,,,,,,,,,,NOSEAL,,,,,,,,,,,,,,,,,,,,,,,,,,,,,,,,,,,,,,,,,,,,,,,,,,,,,,,,,,,,,,,
ONEU9411056,4530,,,ONE,T,INPAV,,,V,,,,,,,,,,,,,,,,,,,,,,,,ONE (Ocean Network Express) Line (i) Pvt. Ltd.,ONE MAGNIFICENCE,0086,ONEU9411056,4530,,N/A,4.50,,GTI (APM Terminals),NOT_FOUND,CTR,4.50,E,S1731,,,,,,,,,,,NOSEAL,,,,,,,,,,,,,,,,,,,,,,,,,,,,,,,,,,,,,,,,,,,,,,,,,,,,,,,,,,,,,,,
ONEU9415982,4530,,,ONE,T,INPAV,,,V,,,,,,,,,,,,,,,,,,,,,,,,ONE (Ocean Network Express) Line (i) Pvt. Ltd.,ONE MAGNIFICENCE,0086,ONEU9415982,4530,,N/A,4.50,,GTI (APM Terminals),NOT_FOUND,CTR,4.50,E,S1731,,,,,,,,,,,NOSEAL,,,,,,,,,,,,,,,,,,,,,,,,,,,,,,,,,,,,,,,,,,,,,,,,,,,,,,,,,,,,,,,
ONEU9416274,4530,,,ONE,T,INPAV,,,V,,,,,,,,,,,,,,,,,,,,,,,,ONE (Ocean Network Express) Line (i) Pvt. Ltd.,ONE MAGNIFICENCE,0086,ONEU9416274,4530,,N/A,4.50,,GTI (APM Terminals),NOT_FOUND,CTR,4.50,E,S1731,,,,,,,,,,,NOSEAL,,,,,,,,,,,,,,,,,,,,,,,,,,,,,,,,,,,,,,,,,,,,,,,,,,,,,,,,,,,,,,,
ONEU9429796,4530,,,ONE,T,INPAV,,,V,,,,,,,,,,,,,,,,,,,,,,,,ONE (Ocean Network Express) Line (i) Pvt. Ltd.,ONE MAGNIFICENCE,0086,ONEU9429796,4530,,N/A,4.50,,GTI (APM Terminals),NOT_FOUND,CTR,4.50,E,S1731,,,,,,,,,,,NOSEAL,,,,,,,,,,,,,,,,,,,,,,,,,,,,,,,,,,,,,,,,,,,,,,,,,,,,,,,,,,,,,,,
ONEU9430694,4530,,,ONE,T,INPAV,,,V,,,,,,,,,,,,,,,,,,,,,,,,ONE (Ocean Network Express) Line (i) Pvt. Ltd.,ONE MAGNIFICENCE,0086,ONEU9430694,4530,,N/A,4.50,,GTI (APM Terminals),NOT_FOUND,CTR,4.50,E,S1731,,,,,,,,,,,NOSEAL,,,,,,,,,,,,,,,,,,,,,,,,,,,,,,,,,,,,,,,,,,,,,,,,,,,,,,,,,,,,,,,
ONEU9431005,4530,,,ONE,T,INPAV,,,V,,,,,,,,,,,,,,,,,,,,,,,,ONE (Ocean Network Express) Line (i) Pvt. Ltd.,ONE MAGNIFICENCE,0086,ONEU9431005,4530,,N/A,4.50,,GTI (APM Terminals),NOT_FOUND,CTR,4.50,E,S1731,,,,,,,,,,,NOSEAL,,,,,,,,,,,,,,,,,,,,,,,,,,,,,,,,,,,,,,,,,,,,,,,,,,,,,,,,,,,,,,,
ONEU9431052,4530,,,ONE,T,INPAV,,,V,,,,,,,,,,,,,,,,,,,,,,,,ONE (Ocean Network Express) Line (i) Pvt. Ltd.,ONE MAGNIFICENCE,0086,ONEU9431052,4530,,N/A,4.50,,GTI (APM Terminals),NOT_FOUND,CTR,4.50,E,S1731,,,,,,,,,,,NOSEAL,,,,,,,,,,,,,,,,,,,,,,,,,,,,,,,,,,,,,,,,,,,,,,,,,,,,,,,,,,,,,,,
ONEU9435016,4530,,,ONE,T,INPAV,,,V,,,,,,,,,,,,,,,,,,,,,,,,ONE (Ocean Network Express) Line (i) Pvt. Ltd.,ONE MAGNIFICENCE,0086,ONEU9435016,4530,,N/A,4.50,,GTI (APM Terminals),NOT_FOUND,CTR,4.50,E,S1731,,,,,,,,,,,NOSEAL,,,,,,,,,,,,,,,,,,,,,,,,,,,,,,,,,,,,,,,,,,,,,,,,,,,,,,,,,,,,,,,
ONEU9438714,4530,,,ONE,T,INPAV,,,V,,,,,,,,,,,,,,,,,,,,,,,,ONE (Ocean Network Express) Line (i) Pvt. Ltd.,ONE MAGNIFICENCE,0086,ONEU9438714,4530,,N/A,4.50,,GTI (APM Terminals),NOT_FOUND,CTR,4.50,E,S1731,,,,,,,,,,,NOSEAL,,,,,,,,,,,,,,,,,,,,,,,,,,,,,,,,,,,,,,,,,,,,,,,,,,,,,,,,,,,,,,,
ONEU9438904,4530,,,ONE,T,INBMC,,,V,,,,,,,,,,,,,,,,,,,,,,,,ONE (Ocean Network Express) Line (i) Pvt. Ltd.,ONE MAGNIFICENCE,0086,ONEU9438904,4530,,N/A,4.50,,GTI (APM Terminals),NOT_FOUND,CTR,4.50,E,BMCT,,,,,,,,,,,NOSEAL,,,,,,,,,,,,,,,,,,,,,,,,,,,,,,,,,,,,,,,,,,,,,,,,,,,,,,,,,,,,,,,
ONEU9443290,4530,,,ONE,T,INPAV,,,V,,,,,,,,,,,,,,,,,,,,,,,,ONE (Ocean Network Express) Line (i) Pvt. Ltd.,ONE MAGNIFICENCE,0086,ONEU9443290,4530,,N/A,4.50,,GTI (APM Terminals),NOT_FOUND,CTR,4.50,E,S1731,,,,,,,,,,,NOSEAL,,,,,,,,,,,,,,,,,,,,,,,,,,,,,,,,,,,,,,,,,,,,,,,,,,,,,,,,,,,,,,,
ONEU9443670,4530,,,ONE,T,INPAV,,,V,,,,,,,,,,,,,,,,,,,,,,,,ONE (Ocean Network Express) Line (i) Pvt. Ltd.,ONE MAGNIFICENCE,0086,ONEU9443670,4530,,N/A,4.50,,GTI (APM Terminals),NOT_FOUND,CTR,4.50,E,S1731,,,,,,,,,,,NOSEAL,,,,,,,,,,,,,,,,,,,,,,,,,,,,,,,,,,,,,,,,,,,,,,,,,,,,,,,,,,,,,,,
ONEU9445550,4530,,,ONE,T,INPAV,,,V,,,,,,,,,,,,,,,,,,,,,,,,ONE (Ocean Network Express) Line (i) Pvt. Ltd.,ONE MAGNIFICENCE,0086,ONEU9445550,4530,,N/A,4.50,,GTI (APM Terminals),NOT_FOUND,CTR,4.50,E,S1731,,,,,,,,,,,NOSEAL,,,,,,,,,,,,,,,,,,,,,,,,,,,,,,,,,,,,,,,,,,,,,,,,,,,,,,,,,,,,,,,
ONEU9449220,4530,,,ONE,T,INPAV,,,V,,,,,,,,,,,,,,,,,,,,,,,,ONE (Ocean Network Express) Line (i) Pvt. Ltd.,ONE MAGNIFICENCE,0086,ONEU9449220,4530,,N/A,4.50,,GTI (APM Terminals),NOT_FOUND,CTR,4.50,E,S1731,,,,,,,,,,,NOSEAL,,,,,,,,,,,,,,,,,,,,,,,,,,,,,,,,,,,,,,,,,,,,,,,,,,,,,,,,,,,,,,,
ONEU9450854,4530,,,ONE,T,INPAV,,,V,,,,,,,,,,,,,,,,,,,,,,,,ONE (Ocean Network Express) Line (i) Pvt. Ltd.,ONE MAGNIFICENCE,0086,ONEU9450854,4530,,N/A,4.50,,GTI (APM Terminals),NOT_FOUND,CTR,4.50,E,S1731,,,,,,,,,,,NOSEAL,,,,,,,,,,,,,,,,,,,,,,,,,,,,,,,,,,,,,,,,,,,,,,,,,,,,,,,,,,,,,,,
ONEU9450983,4530,,,ONE,T,INPAV,,,V,,,,,,,,,,,,,,,,,,,,,,,,ONE (Ocean Network Express) Line (i) Pvt. Ltd.,ONE MAGNIFICENCE,0086,ONEU9450983,4530,,N/A,4.50,,GTI (APM Terminals),NOT_FOUND,CTR,4.50,E,S1731,,,,,,,,,,,NOSEAL,,,,,,,,,,,,,,,,,,,,,,,,,,,,,,,,,,,,,,,,,,,,,,,,,,,,,,,,,,,,,,,
ONEU9452266,4530,,,ONE,T,INPAV,,,V,,,,,,,,,,,,,,,,,,,,,,,,ONE (Ocean Network Express) Line (i) Pvt. Ltd.,ONE MAGNIFICENCE,0086,ONEU9452266,4530,,N/A,4.50,,GTI (APM Terminals),NOT_FOUND,CTR,4.50,E,S1731,,,,,,,,,,,NOSEAL,,,,,,,,,,,,,,,,,,,,,,,,,,,,,,,,,,,,,,,,,,,,,,,,,,,,,,,,,,,,,,,
ONEU9457170,4530,,,ONE,T,INPAV,,,V,,,,,,,,,,,,,,,,,,,,,,,,ONE (Ocean Network Express) Line (i) Pvt. Ltd.,ONE MAGNIFICENCE,0086,ONEU9457170,4530,,N/A,4.50,,GTI (APM Terminals),NOT_FOUND,CTR,4.50,E,S1731,,,,,,,,,,,NOSEAL,,,,,,,,,,,,,,,,,,,,,,,,,,,,,,,,,,,,,,,,,,,,,,,,,,,,,,,,,,,,,,,
ONEU9461587,4530,,,ONE,T,INPAV,,,V,,,,,,,,,,,,,,,,,,,,,,,,ONE (Ocean Network Express) Line (i) Pvt. Ltd.,ONE MAGNIFICENCE,0086,ONEU9461587,4530,,N/A,4.50,,GTI (APM Terminals),NOT_FOUND,CTR,4.50,E,S1731,,,,,,,,,,,NOSEAL,,,,,,,,,,,,,,,,,,,,,,,,,,,,,,,,,,,,,,,,,,,,,,,,,,,,,,,,,,,,,,,
ONEU9463830,4530,,,ONE,T,INPAV,,,V,,,,,,,,,,,,,,,,,,,,,,,,ONE (Ocean Network Express) Line (i) Pvt. Ltd.,ONE MAGNIFICENCE,0086,ONEU9463830,4530,,N/A,4.50,,GTI (APM Terminals),NOT_FOUND,CTR,4.50,E,S1731,,,,,,,,,,,NOSEAL,,,,,,,,,,,,,,,,,,,,,,,,,,,,,,,,,,,,,,,,,,,,,,,,,,,,,,,,,,,,,,,
ONEU9464858,4530,,,ONE,T,INPAV,,,V,,,,,,,,,,,,,,,,,,,,,,,,ONE (Ocean Network Express) Line (i) Pvt. Ltd.,ONE MAGNIFICENCE,0086,ONEU9464858,4530,,N/A,4.50,,GTI (APM Terminals),NOT_FOUND,CTR,4.50,E,S1731,,,,,,,,,,,NOSEAL,,,,,,,,,,,,,,,,,,,,,,,,,,,,,,,,,,,,,,,,,,,,,,,,,,,,,,,,,,,,,,,
ONEU9465638,4530,,,ONE,T,INPAV,,,V,,,,,,,,,,,,,,,,,,,,,,,,ONE (Ocean Network Express) Line (i) Pvt. Ltd.,ONE MAGNIFICENCE,0086,ONEU9465638,4530,,N/A,4.50,,GTI (APM Terminals),NOT_FOUND,CTR,4.50,E,S1731,,,,,,,,,,,NOSEAL,,,,,,,,,,,,,,,,,,,,,,,,,,,,,,,,,,,,,,,,,,,,,,,,,,,,,,,,,,,,,,,
ONEU9467651,4530,,,ONE,T,INPAV,,,V,,,,,,,,,,,,,,,,,,,,,,,,ONE (Ocean Network Express) Line (i) Pvt. Ltd.,ONE MAGNIFICENCE,0086,ONEU9467651,4530,,N/A,4.50,,GTI (APM Terminals),NOT_FOUND,CTR,4.50,E,S1731,,,,,,,,,,,NOSEAL,,,,,,,,,,,,,,,,,,,,,,,,,,,,,,,,,,,,,,,,,,,,,,,,,,,,,,,,,,,,,,,
ONEU9467944,4530,,,ONE,T,INPAV,,,V,,,,,,,,,,,,,,,,,,,,,,,,ONE (Ocean Network Express) Line (i) Pvt. Ltd.,ONE MAGNIFICENCE,0086,ONEU9467944,4530,,N/A,4.50,,GTI (APM Terminals),NOT_FOUND,CTR,4.50,E,S1731,,,,,,,,,,,NOSEAL,,,,,,,,,,,,,,,,,,,,,,,,,,,,,,,,,,,,,,,,,,,,,,,,,,,,,,,,,,,,,,,
ONEU9468149,4530,,,ONE,T,INPAV,,,V,,,,,,,,,,,,,,,,,,,,,,,,ONE (Ocean Network Express) Line (i) Pvt. Ltd.,ONE MAGNIFICENCE,0086,ONEU9468149,4530,,N/A,4.50,,GTI (APM Terminals),NOT_FOUND,CTR,4.50,E,S1731,,,,,,,,,,,NOSEAL,,,,,,,,,,,,,,,,,,,,,,,,,,,,,,,,,,,,,,,,,,,,,,,,,,,,,,,,,,,,,,,
ONEU9468998,4530,,,ONE,T,INPAV,,,V,,,,,,,,,,,,,,,,,,,,,,,,ONE (Ocean Network Express) Line (i) Pvt. Ltd.,ONE MAGNIFICENCE,0086,ONEU9468998,4530,,N/A,4.50,,GTI (APM Terminals),NOT_FOUND,CTR,4.50,E,S1731,,,,,,,,,,,NOSEAL,,,,,,,,,,,,,,,,,,,,,,,,,,,,,,,,,,,,,,,,,,,,,,,,,,,,,,,,,,,,,,,
ONEU9476226,4530,,,ONE,T,INPAV,,,V,,,,,,,,,,,,,,,,,,,,,,,,ONE (Ocean Network Express) Line (i) Pvt. Ltd.,ONE MAGNIFICENCE,0086,ONEU9476226,4530,,N/A,4.50,,GTI (APM Terminals),NOT_FOUND,CTR,4.50,E,S1731,,,,,,,,,,,NOSEAL,,,,,,,,,,,,,,,,,,,,,,,,,,,,,,,,,,,,,,,,,,,,,,,,,,,,,,,,,,,,,,,
ONEU9479966,4530,,,ONE,T,INPAV,,,V,,,,,,,,,,,,,,,,,,,,,,,,ONE (Ocean Network Express) Line (i) Pvt. Ltd.,ONE MAGNIFICENCE,0086,ONEU9479966,4530,,N/A,4.50,,GTI (APM Terminals),NOT_FOUND,CTR,4.50,E,S1731,,,,,,,,,,,NOSEAL,,,,,,,,,,,,,,,,,,,,,,,,,,,,,,,,,,,,,,,,,,,,,,,,,,,,,,,,,,,,,,,
OTPU6051726,4530,,,ONE,T,INPAV,,,V,,,,,,,,,,,,,,,,,,,,,,,,ONE (Ocean Network Express) Line (i) Pvt. Ltd.,ONE MAGNIFICENCE,0086,OTPU6051726,4530,,N/A,4.50,,GTI (APM Terminals),NOT_FOUND,CTR,4.50,E,S1731,,,,,,,,,,,NOSEAL,,,,,,,,,,,,,,,,,,,,,,,,,,,,,,,,,,,,,,,,,,,,,,,,,,,,,,,,,,,,,,,
OTPU6053185,4530,,,ONE,T,INPAV,,,V,,,,,,,,,,,,,,,,,,,,,,,,ONE (Ocean Network Express) Line (i) Pvt. Ltd.,ONE MAGNIFICENCE,0086,OTPU6053185,4530,,N/A,4.50,,GTI (APM Terminals),NOT_FOUND,CTR,4.50,E,S1731,,,,,,,,,,,NOSEAL,,,,,,,,,,,,,,,,,,,,,,,,,,,,,,,,,,,,,,,,,,,,,,,,,,,,,,,,,,,,,,,
OTPU6218958,4530,,,ONE,T,INPAV,,,V,,,,,,,,,,,,,,,,,,,,,,,,ONE (Ocean Network Express) Line (i) Pvt. Ltd.,ONE MAGNIFICENCE,0086,OTPU6218958,4530,,N/A,4.50,,GTI (APM Terminals),NOT_FOUND,CTR,4.50,E,S1731,,,,,,,,,,,NOSEAL,,,,,,,,,,,,,,,,,,,,,,,,,,,,,,,,,,,,,,,,,,,,,,,,,,,,,,,,,,,,,,,
OTPU6237259,4530,,,ONE,T,INPAV,,,V,,,,,,,,,,,,,,,,,,,,,,,,ONE (Ocean Network Express) Line (i) Pvt. Ltd.,ONE MAGNIFICENCE,0086,OTPU6237259,4530,,N/A,4.50,,GTI (APM Terminals),NOT_FOUND,CTR,4.50,E,S1731,,,,,,,,,,,NOSEAL,,,,,,,,,,,,,,,,,,,,,,,,,,,,,,,,,,,,,,,,,,,,,,,,,,,,,,,,,,,,,,,
OTPU6237290,4530,,,ONE,T,INPAV,,,V,,,,,,,,,,,,,,,,,,,,,,,,ONE (Ocean Network Express) Line (i) Pvt. Ltd.,ONE MAGNIFICENCE,0086,OTPU6237290,4530,,N/A,4.50,,GTI (APM Terminals),NOT_FOUND,CTR,4.50,E,S1731,,,,,,,,,,,NOSEAL,,,,,,,,,,,,,,,,,,,,,,,,,,,,,,,,,,,,,,,,,,,,,,,,,,,,,,,,,,,,,,,
OTPU6259920,4530,,,ONE,T,INBMC,,,V,,,,,,,,,,,,,,,,,,,,,,,,ONE (Ocean Network Express) Line (i) Pvt. Ltd.,ONE MAGNIFICENCE,0086,OTPU6259920,4530,,N/A,4.50,,GTI (APM Terminals),NOT_FOUND,CTR,4.50,E,BMCT,,,,,,,,,,,NOSEAL,,,,,,,,,,,,,,,,,,,,,,,,,,,,,,,,,,,,,,,,,,,,,,,,,,,,,,,,,,,,,,,
OTPU6261888,4530,,,ONE,T,INPAV,,,V,,,,,,,,,,,,,,,,,,,,,,,,ONE (Ocean Network Express) Line (i) Pvt. Ltd.,ONE MAGNIFICENCE,0086,OTPU6261888,4530,,N/A,4.50,,GTI (APM Terminals),NOT_FOUND,CTR,4.50,E,S1731,,,,,,,,,,,NOSEAL,,,,,,,,,,,,,,,,,,,,,,,,,,,,,,,,,,,,,,,,,,,,,,,,,,,,,,,,,,,,,,,
OTPU6261954,4530,,,ONE,T,INPAV,,,V,,,,,,,,,,,,,,,,,,,,,,,,ONE (Ocean Network Express) Line (i) Pvt. Ltd.,ONE MAGNIFICENCE,0086,OTPU6261954,4530,,N/A,4.50,,GTI (APM Terminals),NOT_FOUND,CTR,4.50,E,S1731,,,,,,,,,,,NOSEAL,,,,,,,,,,,,,,,,,,,,,,,,,,,,,,,,,,,,,,,,,,,,,,,,,,,,,,,,,,,,,,,
OTPU6268732,4530,,,ONE,T,INPAV,,,V,,,,,,,,,,,,,,,,,,,,,,,,ONE (Ocean Network Express) Line (i) Pvt. Ltd.,ONE MAGNIFICENCE,0086,OTPU6268732,4530,,N/A,4.50,,GTI (APM Terminals),NOT_FOUND,CTR,4.50,E,S1731,,,,,,,,,,,NOSEAL,,,,,,,,,,,,,,,,,,,,,,,,,,,,,,,,,,,,,,,,,,,,,,,,,,,,,,,,,,,,,,,
OTPU6282200,4530,,,ONE,T,INPAV,,,V,,,,,,,,,,,,,,,,,,,,,,,,ONE (Ocean Network Express) Line (i) Pvt. Ltd.,ONE MAGNIFICENCE,0086,OTPU6282200,4530,,N/A,4.50,,GTI (APM Terminals),NOT_FOUND,CTR,4.50,E,S1731,,,,,,,,,,,NOSEAL,,,,,,,,,,,,,,,,,,,,,,,,,,,,,,,,,,,,,,,,,,,,,,,,,,,,,,,,,,,,,,,
OTPU6287305,4530,,,ONE,T,INPAV,,,V,,,,,,,,,,,,,,,,,,,,,,,,ONE (Ocean Network Express) Line (i) Pvt. Ltd.,ONE MAGNIFICENCE,0086,OTPU6287305,4530,,N/A,4.50,,GTI (APM Terminals),NOT_FOUND,CTR,4.50,E,S1731,,,,,,,,,,,NOSEAL,,,,,,,,,,,,,,,,,,,,,,,,,,,,,,,,,,,,,,,,,,,,,,,,,,,,,,,,,,,,,,,
OTPU6292024,4530,,,ONE,T,INPAV,,,V,,,,,,,,,,,,,,,,,,,,,,,,ONE (Ocean Network Express) Line (i) Pvt. Ltd.,ONE MAGNIFICENCE,0086,OTPU6292024,4530,,N/A,4.50,,GTI (APM Terminals),NOT_FOUND,CTR,4.50,E,S1731,,,,,,,,,,,NOSEAL,,,,,,,,,,,,,,,,,,,,,,,,,,,,,,,,,,,,,,,,,,,,,,,,,,,,,,,,,,,,,,,
OTPU6292132,4530,,,ONE,T,INPAV,,,V,,,,,,,,,,,,,,,,,,,,,,,,ONE (Ocean Network Express) Line (i) Pvt. Ltd.,ONE MAGNIFICENCE,0086,OTPU6292132,4530,,N/A,4.50,,GTI (APM Terminals),NOT_FOUND,CTR,4.50,E,S1731,,,,,,,,,,,NOSEAL,,,,,,,,,,,,,,,,,,,,,,,,,,,,,,,,,,,,,,,,,,,,,,,,,,,,,,,,,,,,,,,
OTPU6292390,4530,,,ONE,T,INBMC,,,V,,,,,,,,,,,,,,,,,,,,,,,,ONE (Ocean Network Express) Line (i) Pvt. Ltd.,ONE MAGNIFICENCE,0086,OTPU6292390,4530,,N/A,4.50,,GTI (APM Terminals),NOT_FOUND,CTR,4.50,E,BMCT,,,,,,,,,,,NOSEAL,,,,,,,,,,,,,,,,,,,,,,,,,,,,,,,,,,,,,,,,,,,,,,,,,,,,,,,,,,,,,,,
OTPU6296190,4530,,,ONE,T,INBMC,,,V,,,,,,,,,,,,,,,,,,,,,,,,ONE (Ocean Network Express) Line (i) Pvt. Ltd.,ONE MAGNIFICENCE,0086,OTPU6296190,4530,,N/A,4.50,,GTI (APM Terminals),NOT_FOUND,CTR,4.50,E,BMCT,,,,,,,,,,,NOSEAL,,,,,,,,,,,,,,,,,,,,,,,,,,,,,,,,,,,,,,,,,,,,,,,,,,,,,,,,,,,,,,,
OTPU6297350,4530,,,ONE,T,INBMC,,,V,,,,,,,,,,,,,,,,,,,,,,,,ONE (Ocean Network Express) Line (i) Pvt. Ltd.,ONE MAGNIFICENCE,0086,OTPU6297350,4530,,N/A,4.50,,GTI (APM Terminals),NOT_FOUND,CTR,4.50,E,BMCT,,,,,,,,,,,NOSEAL,,,,,,,,,,,,,,,,,,,,,,,,,,,,,,,,,,,,,,,,,,,,,,,,,,,,,,,,,,,,,,,
OTPU6308178,4530,,,ONE,T,INPAV,,,V,,,,,,,,,,,,,,,,,,,,,,,,ONE (Ocean Network Express) Line (i) Pvt. Ltd.,ONE MAGNIFICENCE,0086,OTPU6308178,4530,,N/A,4.50,,GTI (APM Terminals),NOT_FOUND,CTR,4.50,E,S1731,,,,,,,,,,,NOSEAL,,,,,,,,,,,,,,,,,,,,,,,,,,,,,,,,,,,,,,,,,,,,,,,,,,,,,,,,,,,,,,,
OTPU6352587,4530,,,ONE,T,INPAV,,,V,,,,,,,,,,,,,,,,,,,,,,,,ONE (Ocean Network Express) Line (i) Pvt. Ltd.,ONE MAGNIFICENCE,0086,OTPU6352587,4530,,N/A,4.50,,GTI (APM Terminals),NOT_FOUND,CTR,4.50,E,S1731,,,,,,,,,,,NOSEAL,,,,,,,,,,,,,,,,,,,,,,,,,,,,,,,,,,,,,,,,,,,,,,,,,,,,,,,,,,,,,,,
OTPU6358902,4530,,,ONE,T,INPAV,,,V,,,,,,,,,,,,,,,,,,,,,,,,ONE (Ocean Network Express) Line (i) Pvt. Ltd.,ONE MAGNIFICENCE,0086,OTPU6358902,4530,,N/A,4.50,,GTI (APM Terminals),NOT_FOUND,CTR,4.50,E,S1731,,,,,,,,,,,NOSEAL,,,,,,,,,,,,,,,,,,,,,,,,,,,,,,,,,,,,,,,,,,,,,,,,,,,,,,,,,,,,,,,
OTPU6387449,4530,,,ONE,T,INPAV,,,V,,,,,,,,,,,,,,,,,,,,,,,,ONE (Ocean Network Express) Line (i) Pvt. Ltd.,ONE MAGNIFICENCE,0086,OTPU6387449,4530,,N/A,4.50,,GTI (APM Terminals),NOT_FOUND,CTR,4.50,E,S1731,,,,,,,,,,,NOSEAL,,,,,,,,,,,,,,,,,,,,,,,,,,,,,,,,,,,,,,,,,,,,,,,,,,,,,,,,,,,,,,,
OTPU6389272,4530,,,ONE,T,INPAV,,,V,,,,,,,,,,,,,,,,,,,,,,,,ONE (Ocean Network Express) Line (i) Pvt. Ltd.,ONE MAGNIFICENCE,0086,OTPU6389272,4530,,N/A,4.50,,GTI (APM Terminals),NOT_FOUND,CTR,4.50,E,S1731,,,,,,,,,,,NOSEAL,,,,,,,,,,,,,,,,,,,,,,,,,,,,,,,,,,,,,,,,,,,,,,,,,,,,,,,,,,,,,,,
OTPU6393441,4530,,,ONE,T,INPAV,,,V,,,,,,,,,,,,,,,,,,,,,,,,ONE (Ocean Network Express) Line (i) Pvt. Ltd.,ONE MAGNIFICENCE,0086,OTPU6393441,4530,,N/A,4.50,,GTI (APM Terminals),NOT_FOUND,CTR,4.50,E,S1731,,,,,,,,,,,NOSEAL,,,,,,,,,,,,,,,,,,,,,,,,,,,,,,,,,,,,,,,,,,,,,,,,,,,,,,,,,,,,,,,
OTPU6396604,4530,,,ONE,T,INBMC,,,V,,,,,,,,,,,,,,,,,,,,,,,,ONE (Ocean Network Express) Line (i) Pvt. Ltd.,ONE MAGNIFICENCE,0086,OTPU6396604,4530,,N/A,4.50,,GTI (APM Terminals),NOT_FOUND,CTR,4.50,E,BMCT,,,,,,,,,,,NOSEAL,,,,,,,,,,,,,,,,,,,,,,,,,,,,,,,,,,,,,,,,,,,,,,,,,,,,,,,,,,,,,,,
SEGU9036106,4530,,,ONE,T,INPAV,,,V,,,,,,,,,,,,,,,,,,,,,,,,ONE (Ocean Network Express) Line (i) Pvt. Ltd.,ONE MAGNIFICENCE,0086,SEGU9036106,4530,,N/A,4.50,,GTI (APM Terminals),NOT_FOUND,CTR,4.50,E,S1731,,,,,,,,,,,NOSEAL,,,,,,,,,,,,,,,,,,,,,,,,,,,,,,,,,,,,,,,,,,,,,,,,,,,,,,,,,,,,,,,
SEGU9184130,4530,,,ONE,T,INBMC,,,V,,,,,,,,,,,,,,,,,,,,,,,,ONE (Ocean Network Express) Line (i) Pvt. Ltd.,ONE MAGNIFICENCE,0086,SEGU9184130,4530,,N/A,4.50,,GTI (APM Terminals),NOT_FOUND,CTR,4.50,E,BMCT,,,,,,,,,,,NOSEAL,,,,,,,,,,,,,,,,,,,,,,,,,,,,,,,,,,,,,,,,,,,,,,,,,,,,,,,,,,,,,,,
SEGU9189091,4530,,,ONE,T,INBMC,,,V,,,,,,,,,,,,,,,,,,,,,,,,ONE (Ocean Network Express) Line (i) Pvt. Ltd.,ONE MAGNIFICENCE,0086,SEGU9189091,4530,,N/A,4.50,,GTI (APM Terminals),NOT_FOUND,CTR,4.50,E,BMCT,,,,,,,,,,,NOSEAL,,,,,,,,,,,,,,,,,,,,,,,,,,,,,,,,,,,,,,,,,,,,,,,,,,,,,,,,,,,,,,,
SEGU9243700,4530,,,ONE,T,INPAV,,,V,,,,,,,,,,,,,,,,,,,,,,,,ONE (Ocean Network Express) Line (i) Pvt. Ltd.,ONE MAGNIFICENCE,0086,SEGU9243700,4530,,N/A,4.50,,GTI (APM Terminals),NOT_FOUND,CTR,4.50,E,S1731,,,,,,,,,,,NOSEAL,,,,,,,,,,,,,,,,,,,,,,,,,,,,,,,,,,,,,,,,,,,,,,,,,,,,,,,,,,,,,,,
SEGU9253755,4530,,,ONE,T,INPAV,,,V,,,,,,,,,,,,,,,,,,,,,,,,ONE (Ocean Network Express) Line (i) Pvt. Ltd.,ONE MAGNIFICENCE,0086,SEGU9253755,4530,,N/A,4.50,,GTI (APM Terminals),NOT_FOUND,CTR,4.50,E,S1731,,,,,,,,,,,NOSEAL,,,,,,,,,,,,,,,,,,,,,,,,,,,,,,,,,,,,,,,,,,,,,,,,,,,,,,,,,,,,,,,
SEGU9254875,4530,,,ONE,T,INBMC,,,V,,,,,,,,,,,,,,,,,,,,,,,,ONE (Ocean Network Express) Line (i) Pvt. Ltd.,ONE MAGNIFICENCE,0086,SEGU9254875,4530,,N/A,4.50,,GTI (APM Terminals),NOT_FOUND,CTR,4.50,E,BMCT,,,,,,,,,,,NOSEAL,,,,,,,,,,,,,,,,,,,,,,,,,,,,,,,,,,,,,,,,,,,,,,,,,,,,,,,,,,,,,,,
SEGU9311656,4530,,,ONE,T,INBMC,,,V,,,,,,,,,,,,,,,,,,,,,,,,ONE (Ocean Network Express) Line (i) Pvt. Ltd.,ONE MAGNIFICENCE,0086,SEGU9311656,4530,,N/A,4.50,,GTI (APM Terminals),NOT_FOUND,CTR,4.50,E,BMCT,,,,,,,,,,,NOSEAL,,,,,,,,,,,,,,,,,,,,,,,,,,,,,,,,,,,,,,,,,,,,,,,,,,,,,,,,,,,,,,,
SEGU9312821,4530,,,ONE,T,INBMC,,,V,,,,,,,,,,,,,,,,,,,,,,,,ONE (Ocean Network Express) Line (i) Pvt. Ltd.,ONE MAGNIFICENCE,0086,SEGU9312821,4530,,N/A,4.50,,GTI (APM Terminals),NOT_FOUND,CTR,4.50,E,BMCT,,,,,,,,,,,NOSEAL,,,,,,,,,,,,,,,,,,,,,,,,,,,,,,,,,,,,,,,,,,,,,,,,,,,,,,,,,,,,,,,
SEGU9314779,4530,,,ONE,T,INPAV,,,V,,,,,,,,,,,,,,,,,,,,,,,,ONE (Ocean Network Express) Line (i) Pvt. Ltd.,ONE MAGNIFICENCE,0086,SEGU9314779,4530,,N/A,4.50,,GTI (APM Terminals),NOT_FOUND,CTR,4.50,E,S1731,,,,,,,,,,,NOSEAL,,,,,,,,,,,,,,,,,,,,,,,,,,,,,,,,,,,,,,,,,,,,,,,,,,,,,,,,,,,,,,,
SEGU9316196,4530,,,ONE,T,INBMC,,,V,,,,,,,,,,,,,,,,,,,,,,,,ONE (Ocean Network Express) Line (i) Pvt. Ltd.,ONE MAGNIFICENCE,0086,SEGU9316196,4530,,N/A,4.50,,GTI (APM Terminals),NOT_FOUND,CTR,4.50,E,BMCT,,,,,,,,,,,NOSEAL,,,,,,,,,,,,,,,,,,,,,,,,,,,,,,,,,,,,,,,,,,,,,,,,,,,,,,,,,,,,,,,
SEGU9395127,4530,,,ONE,T,INPAV,,,V,,,,,,,,,,,,,,,,,,,,,,,,ONE (Ocean Network Express) Line (i) Pvt. Ltd.,ONE MAGNIFICENCE,0086,SEGU9395127,4530,,N/A,4.50,,GTI (APM Terminals),NOT_FOUND,CTR,4.50,E,S1731,,,,,,,,,,,NOSEAL,,,,,,,,,,,,,,,,,,,,,,,,,,,,,,,,,,,,,,,,,,,,,,,,,,,,,,,,,,,,,,,
SEGU9841928,4530,,,ONE,T,INPAV,,,V,,,,,,,,,,,,,,,,,,,,,,,,ONE (Ocean Network Express) Line (i) Pvt. Ltd.,ONE MAGNIFICENCE,0086,SEGU9841928,4530,,N/A,4.50,,GTI (APM Terminals),NOT_FOUND,CTR,4.50,E,S1731,,,,,,,,,,,NOSEAL,,,,,,,,,,,,,,,,,,,,,,,,,,,,,,,,,,,,,,,,,,,,,,,,,,,,,,,,,,,,,,,
SEGU9842610,4530,,,ONE,T,INPAV,,,V,,,,,,,,,,,,,,,,,,,,,,,,ONE (Ocean Network Express) Line (i) Pvt. Ltd.,ONE MAGNIFICENCE,0086,SEGU9842610,4530,,N/A,4.50,,GTI (APM Terminals),NOT_FOUND,CTR,4.50,E,S1731,,,,,,,,,,,NOSEAL,,,,,,,,,,,,,,,,,,,,,,,,,,,,,,,,,,,,,,,,,,,,,,,,,,,,,,,,,,,,,,,
SEGU9849092,4530,,,ONE,T,INPAV,,,V,,,,,,,,,,,,,,,,,,,,,,,,ONE (Ocean Network Express) Line (i) Pvt. Ltd.,ONE MAGNIFICENCE,0086,SEGU9849092,4530,,N/A,4.50,,GTI (APM Terminals),NOT_FOUND,CTR,4.50,E,S1731,,,,,,,,,,,NOSEAL,,,,,,,,,,,,,,,,,,,,,,,,,,,,,,,,,,,,,,,,,,,,,,,,,,,,,,,,,,,,,,,
SEGU9851037,4530,,,ONE,T,INPAV,,,V,,,,,,,,,,,,,,,,,,,,,,,,ONE (Ocean Network Express) Line (i) Pvt. Ltd.,ONE MAGNIFICENCE,0086,SEGU9851037,4530,,N/A,4.50,,GTI (APM Terminals),NOT_FOUND,CTR,4.50,E,S1731,,,,,,,,,,,NOSEAL,,,,,,,,,,,,,,,,,,,,,,,,,,,,,,,,,,,,,,,,,,,,,,,,,,,,,,,,,,,,,,,
SEGU9851063,4530,,,ONE,T,INPAV,,,V,,,,,,,,,,,,,,,,,,,,,,,,ONE (Ocean Network Express) Line (i) Pvt. Ltd.,ONE MAGNIFICENCE,0086,SEGU9851063,4530,,N/A,4.50,,GTI (APM Terminals),NOT_FOUND,CTR,4.50,E,S1731,,,,,,,,,,,NOSEAL,,,,,,,,,,,,,,,,,,,,,,,,,,,,,,,,,,,,,,,,,,,,,,,,,,,,,,,,,,,,,,,
SEGU9851340,4530,,,ONE,T,INPAV,,,V,,,,,,,,,,,,,,,,,,,,,,,,ONE (Ocean Network Express) Line (i) Pvt. Ltd.,ONE MAGNIFICENCE,0086,SEGU9851340,4530,,N/A,4.50,,GTI (APM Terminals),NOT_FOUND,CTR,4.50,E,S1731,,,,,,,,,,,NOSEAL,,,,,,,,,,,,,,,,,,,,,,,,,,,,,,,,,,,,,,,,,,,,,,,,,,,,,,,,,,,,,,,
SEGU9853024,4530,,,ONE,T,INPAV,,,V,,,,,,,,,,,,,,,,,,,,,,,,ONE (Ocean Network Express) Line (i) Pvt. Ltd.,ONE MAGNIFICENCE,0086,SEGU9853024,4530,,N/A,4.50,,GTI (APM Terminals),NOT_FOUND,CTR,4.50,E,S1731,,,,,,,,,,,NOSEAL,,,,,,,,,,,,,,,,,,,,,,,,,,,,,,,,,,,,,,,,,,,,,,,,,,,,,,,,,,,,,,,
SEGU9895499,4530,,,ONE,T,INPAV,,,V,,,,,,,,,,,,,,,,,,,,,,,,ONE (Ocean Network Express) Line (i) Pvt. Ltd.,ONE MAGNIFICENCE,0086,SEGU9895499,4530,,N/A,4.50,,GTI (APM Terminals),NOT_FOUND,CTR,4.50,E,S1731,,,,,,,,,,,NOSEAL,,,,,,,,,,,,,,,,,,,,,,,,,,,,,,,,,,,,,,,,,,,,,,,,,,,,,,,,,,,,,,,
SEGU9896197,4530,,,ONE,T,INBMC,,,V,,,,,,,,,,,,,,,,,,,,,,,,ONE (Ocean Network Express) Line (i) Pvt. Ltd.,ONE MAGNIFICENCE,0086,SEGU9896197,4530,,N/A,4.50,,GTI (APM Terminals),NOT_FOUND,CTR,4.50,E,BMCT,,,,,,,,,,,NOSEAL,,,,,,,,,,,,,,,,,,,,,,,,,,,,,,,,,,,,,,,,,,,,,,,,,,,,,,,,,,,,,,,
SEGU9897151,4530,,,ONE,T,INPAV,,,V,,,,,,,,,,,,,,,,,,,,,,,,ONE (Ocean Network Express) Line (i) Pvt. Ltd.,ONE MAGNIFICENCE,0086,SEGU9897151,4530,,N/A,4.50,,GTI (APM Terminals),NOT_FOUND,CTR,4.50,E,S1731,,,,,,,,,,,NOSEAL,,,,,,,,,,,,,,,,,,,,,,,,,,,,,,,,,,,,,,,,,,,,,,,,,,,,,,,,,,,,,,,
SEGU9898219,4530,,,ONE,T,INPAV,,,V,,,,,,,,,,,,,,,,,,,,,,,,ONE (Ocean Network Express) Line (i) Pvt. Ltd.,ONE MAGNIFICENCE,0086,SEGU9898219,4530,,N/A,4.50,,GTI (APM Terminals),NOT_FOUND,CTR,4.50,E,S1731,,,,,,,,,,,NOSEAL,,,,,,,,,,,,,,,,,,,,,,,,,,,,,,,,,,,,,,,,,,,,,,,,,,,,,,,,,,,,,,,
SEGU9902345,4530,,,ONE,T,INBMC,,,V,,,,,,,,,,,,,,,,,,,,,,,,ONE (Ocean Network Express) Line (i) Pvt. Ltd.,ONE MAGNIFICENCE,0086,SEGU9902345,4530,,N/A,4.50,,GTI (APM Terminals),NOT_FOUND,CTR,4.50,E,BMCT,,,,,,,,,,,NOSEAL,,,,,,,,,,,,,,,,,,,,,,,,,,,,,,,,,,,,,,,,,,,,,,,,,,,,,,,,,,,,,,,
SEGU9904060,4530,,,ONE,T,INPAV,,,V,,,,,,,,,,,,,,,,,,,,,,,,ONE (Ocean Network Express) Line (i) Pvt. Ltd.,ONE MAGNIFICENCE,0086,SEGU9904060,4530,,N/A,4.50,,GTI (APM Terminals),NOT_FOUND,CTR,4.50,E,S1731,,,,,,,,,,,NOSEAL,,,,,,,,,,,,,,,,,,,,,,,,,,,,,,,,,,,,,,,,,,,,,,,,,,,,,,,,,,,,,,,
SEGU9907809,4530,,,ONE,T,INBMC,,,V,,,,,,,,,,,,,,,,,,,,,,,,ONE (Ocean Network Express) Line (i) Pvt. Ltd.,ONE MAGNIFICENCE,0086,SEGU9907809,4530,,N/A,4.50,,GTI (APM Terminals),NOT_FOUND,CTR,4.50,E,BMCT,,,,,,,,,,,NOSEAL,,,,,,,,,,,,,,,,,,,,,,,,,,,,,,,,,,,,,,,,,,,,,,,,,,,,,,,,,,,,,,,
SZLU9113865,4530,,,ONE,T,INPAV,,,V,,,,,,,,,,,,,,,,,,,,,,,,ONE (Ocean Network Express) Line (i) Pvt. Ltd.,ONE MAGNIFICENCE,0086,SZLU9113865,4530,,N/A,4.50,,GTI (APM Terminals),NOT_FOUND,CTR,4.50,E,S1731,,,,,,,,,,,NOSEAL,,,,,,,,,,,,,,,,,,,,,,,,,,,,,,,,,,,,,,,,,,,,,,,,,,,,,,,,,,,,,,,
SZLU9132058,4530,,,ONE,T,INBMC,,,V,,,,,,,,,,,,,,,,,,,,,,,,ONE (Ocean Network Express) Line (i) Pvt. Ltd.,ONE MAGNIFICENCE,0086,SZLU9132058,4530,,N/A,4.50,,GTI (APM Terminals),NOT_FOUND,CTR,4.50,E,BMCT,,,,,,,,,,,NOSEAL,,,,,,,,,,,,,,,,,,,,,,,,,,,,,,,,,,,,,,,,,,,,,,,,,,,,,,,,,,,,,,,
SZLU9231364,4530,,,ONE,T,INPAV,,,V,,,,,,,,,,,,,,,,,,,,,,,,ONE (Ocean Network Express) Line (i) Pvt. Ltd.,ONE MAGNIFICENCE,0086,SZLU9231364,4530,,N/A,4.50,,GTI (APM Terminals),NOT_FOUND,CTR,4.50,E,S1731,,,,,,,,,,,NOSEAL,,,,,,,,,,,,,,,,,,,,,,,,,,,,,,,,,,,,,,,,,,,,,,,,,,,,,,,,,,,,,,,
SZLU9231620,4530,,,ONE,T,INPAV,,,V,,,,,,,,,,,,,,,,,,,,,,,,ONE (Ocean Network Express) Line (i) Pvt. Ltd.,ONE MAGNIFICENCE,0086,SZLU9231620,4530,,N/A,4.50,,GTI (APM Terminals),NOT_FOUND,CTR,4.50,E,S1731,,,,,,,,,,,NOSEAL,,,,,,,,,,,,,,,,,,,,,,,,,,,,,,,,,,,,,,,,,,,,,,,,,,,,,,,,,,,,,,,
SZLU9235610,4530,,,ONE,T,INPAV,,,V,,,,,,,,,,,,,,,,,,,,,,,,ONE (Ocean Network Express) Line (i) Pvt. Ltd.,ONE MAGNIFICENCE,0086,SZLU9235610,4530,,N/A,4.50,,GTI (APM Terminals),NOT_FOUND,CTR,4.50,E,S1731,,,,,,,,,,,NOSEAL,,,,,,,,,,,,,,,,,,,,,,,,,,,,,,,,,,,,,,,,,,,,,,,,,,,,,,,,,,,,,,,
SZLU9447097,4530,,,ONE,T,INBMC,,,V,,,,,,,,,,,,,,,,,,,,,,,,ONE (Ocean Network Express) Line (i) Pvt. Ltd.,ONE MAGNIFICENCE,0086,SZLU9447097,4530,,N/A,4.50,,GTI (APM Terminals),NOT_FOUND,CTR,4.50,E,BMCT,,,,,,,,,,,NOSEAL,,,,,,,,,,,,,,,,,,,,,,,,,,,,,,,,,,,,,,,,,,,,,,,,,,,,,,,,,,,,,,,
SZLU9458194,4530,,,ONE,T,INPAV,,,V,,,,,,,,,,,,,,,,,,,,,,,,ONE (Ocean Network Express) Line (i) Pvt. Ltd.,ONE MAGNIFICENCE,0086,SZLU9458194,4530,,N/A,4.50,,GTI (APM Terminals),NOT_FOUND,CTR,4.50,E,S1731,,,,,,,,,,,NOSEAL,,,,,,,,,,,,,,,,,,,,,,,,,,,,,,,,,,,,,,,,,,,,,,,,,,,,,,,,,,,,,,,
SZLU9524167,4530,,,ONE,T,INPAV,,,V,,,,,,,,,,,,,,,,,,,,,,,,ONE (Ocean Network Express) Line (i) Pvt. Ltd.,ONE MAGNIFICENCE,0086,SZLU9524167,4530,,N/A,4.50,,GTI (APM Terminals),NOT_FOUND,CTR,4.50,E,S1731,,,,,,,,,,,NOSEAL,,,,,,,,,,,,,,,,,,,,,,,,,,,,,,,,,,,,,,,,,,,,,,,,,,,,,,,,,,,,,,,
SZLU9524697,4530,,,ONE,T,INBMC,,,V,,,,,,,,,,,,,,,,,,,,,,,,ONE (Ocean Network Express) Line (i) Pvt. Ltd.,ONE MAGNIFICENCE,0086,SZLU9524697,4530,,N/A,4.50,,GTI (APM Terminals),NOT_FOUND,CTR,4.50,E,BMCT,,,,,,,,,,,NOSEAL,,,,,,,,,,,,,,,,,,,,,,,,,,,,,,,,,,,,,,,,,,,,,,,,,,,,,,,,,,,,,,,
SZLU9526318,4530,,,ONE,T,INPAV,,,V,,,,,,,,,,,,,,,,,,,,,,,,ONE (Ocean Network Express) Line (i) Pvt. Ltd.,ONE MAGNIFICENCE,0086,SZLU9526318,4530,,N/A,4.50,,GTI (APM Terminals),NOT_FOUND,CTR,4.50,E,S1731,,,,,,,,,,,NOSEAL,,,,,,,,,,,,,,,,,,,,,,,,,,,,,,,,,,,,,,,,,,,,,,,,,,,,,,,,,,,,,,,
SZLU9533240,4530,,,ONE,T,INPAV,,,V,,,,,,,,,,,,,,,,,,,,,,,,ONE (Ocean Network Express) Line (i) Pvt. Ltd.,ONE MAGNIFICENCE,0086,SZLU9533240,4530,,N/A,4.50,,GTI (APM Terminals),NOT_FOUND,CTR,4.50,E,S1731,,,,,,,,,,,NOSEAL,,,,,,,,,,,,,,,,,,,,,,,,,,,,,,,,,,,,,,,,,,,,,,,,,,,,,,,,,,,,,,,
SZLU9536682,4530,,,ONE,T,INPAV,,,V,,,,,,,,,,,,,,,,,,,,,,,,ONE (Ocean Network Express) Line (i) Pvt. Ltd.,ONE MAGNIFICENCE,0086,SZLU9536682,4530,,N/A,4.50,,GTI (APM Terminals),NOT_FOUND,CTR,4.50,E,S1731,,,,,,,,,,,NOSEAL,,,,,,,,,,,,,,,,,,,,,,,,,,,,,,,,,,,,,,,,,,,,,,,,,,,,,,,,,,,,,,,
SZLU9538598,4530,,,ONE,T,INPAV,,,V,,,,,,,,,,,,,,,,,,,,,,,,ONE (Ocean Network Express) Line (i) Pvt. Ltd.,ONE MAGNIFICENCE,0086,SZLU9538598,4530,,N/A,4.50,,GTI (APM Terminals),NOT_FOUND,CTR,4.50,E,S1731,,,,,,,,,,,NOSEAL,,,,,,,,,,,,,,,,,,,,,,,,,,,,,,,,,,,,,,,,,,,,,,,,,,,,,,,,,,,,,,,
SZLU9539980,4530,,,ONE,T,INPAV,,,V,,,,,,,,,,,,,,,,,,,,,,,,ONE (Ocean Network Express) Line (i) Pvt. Ltd.,ONE MAGNIFICENCE,0086,SZLU9539980,4530,,N/A,4.50,,GTI (APM Terminals),NOT_FOUND,CTR,4.50,E,S1731,,,,,,,,,,,NOSEAL,,,,,,,,,,,,,,,,,,,,,,,,,,,,,,,,,,,,,,,,,,,,,,,,,,,,,,,,,,,,,,,
SZLU9540907,4530,,,ONE,T,INPAV,,,V,,,,,,,,,,,,,,,,,,,,,,,,ONE (Ocean Network Express) Line (i) Pvt. Ltd.,ONE MAGNIFICENCE,0086,SZLU9540907,4530,,N/A,4.50,,GTI (APM Terminals),NOT_FOUND,CTR,4.50,E,S1731,,,,,,,,,,,NOSEAL,,,,,,,,,,,,,,,,,,,,,,,,,,,,,,,,,,,,,,,,,,,,,,,,,,,,,,,,,,,,,,,
SZLU9543608,4530,,,ONE,T,INBMC,,,V,,,,,,,,,,,,,,,,,,,,,,,,ONE (Ocean Network Express) Line (i) Pvt. Ltd.,ONE MAGNIFICENCE,0086,SZLU9543608,4530,,N/A,4.50,,GTI (APM Terminals),NOT_FOUND,CTR,4.50,E,BMCT,,,,,,,,,,,NOSEAL,,,,,,,,,,,,,,,,,,,,,,,,,,,,,,,,,,,,,,,,,,,,,,,,,,,,,,,,,,,,,,,
SZLU9545093,4530,,,ONE,T,INPAV,,,V,,,,,,,,,,,,,,,,,,,,,,,,ONE (Ocean Network Express) Line (i) Pvt. Ltd.,ONE MAGNIFICENCE,0086,SZLU9545093,4530,,N/A,4.50,,GTI (APM Terminals),NOT_FOUND,CTR,4.50,E,S1731,,,,,,,,,,,NOSEAL,,,,,,,,,,,,,,,,,,,,,,,,,,,,,,,,,,,,,,,,,,,,,,,,,,,,,,,,,,,,,,,
SZLU9545112,4530,,,ONE,T,INPAV,,,V,,,,,,,,,,,,,,,,,,,,,,,,ONE (Ocean Network Express) Line (i) Pvt. Ltd.,ONE MAGNIFICENCE,0086,SZLU9545112,4530,,N/A,4.50,,GTI (APM Terminals),NOT_FOUND,CTR,4.50,E,S1731,,,,,,,,,,,NOSEAL,,,,,,,,,,,,,,,,,,,,,,,,,,,,,,,,,,,,,,,,,,,,,,,,,,,,,,,,,,,,,,,
SZLU9548831,4530,,,ONE,T,INPAV,,,V,,,,,,,,,,,,,,,,,,,,,,,,ONE (Ocean Network Express) Line (i) Pvt. Ltd.,ONE MAGNIFICENCE,0086,SZLU9548831,4530,,N/A,4.50,,GTI (APM Terminals),NOT_FOUND,CTR,4.50,E,S1731,,,,,,,,,,,NOSEAL,,,,,,,,,,,,,,,,,,,,,,,,,,,,,,,,,,,,,,,,,,,,,,,,,,,,,,,,,,,,,,,
SZLU9555363,4530,,,ONE,T,INPAV,,,V,,,,,,,,,,,,,,,,,,,,,,,,ONE (Ocean Network Express) Line (i) Pvt. Ltd.,ONE MAGNIFICENCE,0086,SZLU9555363,4530,,N/A,4.50,,GTI (APM Terminals),NOT_FOUND,CTR,4.50,E,S1731,,,,,,,,,,,NOSEAL,,,,,,,,,,,,,,,,,,,,,,,,,,,,,,,,,,,,,,,,,,,,,,,,,,,,,,,,,,,,,,,
SZLU9559271,4530,,,ONE,T,INPAV,,,V,,,,,,,,,,,,,,,,,,,,,,,,ONE (Ocean Network Express) Line (i) Pvt. Ltd.,ONE MAGNIFICENCE,0086,SZLU9559271,4530,,N/A,4.50,,GTI (APM Terminals),NOT_FOUND,CTR,4.50,E,S1731,,,,,,,,,,,NOSEAL,,,,,,,,,,,,,,,,,,,,,,,,,,,,,,,,,,,,,,,,,,,,,,,,,,,,,,,,,,,,,,,
SZLU9560781,4530,,,ONE,T,INPAV,,,V,,,,,,,,,,,,,,,,,,,,,,,,ONE (Ocean Network Express) Line (i) Pvt. Ltd.,ONE MAGNIFICENCE,0086,SZLU9560781,4530,,N/A,4.50,,GTI (APM Terminals),NOT_FOUND,CTR,4.50,E,S1731,,,,,,,,,,,NOSEAL,,,,,,,,,,,,,,,,,,,,,,,,,,,,,,,,,,,,,,,,,,,,,,,,,,,,,,,,,,,,,,,
SZLU9561324,4530,,,ONE,T,INPAV,,,V,,,,,,,,,,,,,,,,,,,,,,,,ONE (Ocean Network Express) Line (i) Pvt. Ltd.,ONE MAGNIFICENCE,0086,SZLU9561324,4530,,N/A,4.50,,GTI (APM Terminals),NOT_FOUND,CTR,4.50,E,S1731,,,,,,,,,,,NOSEAL,,,,,,,,,,,,,,,,,,,,,,,,,,,,,,,,,,,,,,,,,,,,,,,,,,,,,,,,,,,,,,,
SZLU9562911,4530,,,ONE,T,INPAV,,,V,,,,,,,,,,,,,,,,,,,,,,,,ONE (Ocean Network Express) Line (i) Pvt. Ltd.,ONE MAGNIFICENCE,0086,SZLU9562911,4530,,N/A,4.50,,GTI (APM Terminals),NOT_FOUND,CTR,4.50,E,S1731,,,,,,,,,,,NOSEAL,,,,,,,,,,,,,,,,,,,,,,,,,,,,,,,,,,,,,,,,,,,,,,,,,,,,,,,,,,,,,,,
SZLU9563728,4530,,,ONE,T,INPAV,,,V,,,,,,,,,,,,,,,,,,,,,,,,ONE (Ocean Network Express) Line (i) Pvt. Ltd.,ONE MAGNIFICENCE,0086,SZLU9563728,4530,,N/A,4.50,,GTI (APM Terminals),NOT_FOUND,CTR,4.50,E,S1731,,,,,,,,,,,NOSEAL,,,,,,,,,,,,,,,,,,,,,,,,,,,,,,,,,,,,,,,,,,,,,,,,,,,,,,,,,,,,,,,
SZLU9634246,4530,,,ONE,T,INBMC,,,V,,,,,,,,,,,,,,,,,,,,,,,,ONE (Ocean Network Express) Line (i) Pvt. Ltd.,ONE MAGNIFICENCE,0086,SZLU9634246,4530,,N/A,4.50,,GTI (APM Terminals),NOT_FOUND,CTR,4.50,E,BMCT,,,,,,,,,,,NOSEAL,,,,,,,,,,,,,,,,,,,,,,,,,,,,,,,,,,,,,,,,,,,,,,,,,,,,,,,,,,,,,,,
SZLU9636470,4530,,,ONE,T,INPAV,,,V,,,,,,,,,,,,,,,,,,,,,,,,ONE (Ocean Network Express) Line (i) Pvt. Ltd.,ONE MAGNIFICENCE,0086,SZLU9636470,4530,,N/A,4.50,,GTI (APM Terminals),NOT_FOUND,CTR,4.50,E,S1731,,,,,,,,,,,NOSEAL,,,,,,,,,,,,,,,,,,,,,,,,,,,,,,,,,,,,,,,,,,,,,,,,,,,,,,,,,,,,,,,
SZLU9665186,4530,,,ONE,T,INPAV,,,V,,,,,,,,,,,,,,,,,,,,,,,,ONE (Ocean Network Express) Line (i) Pvt. Ltd.,ONE MAGNIFICENCE,0086,SZLU9665186,4530,,N/A,4.50,,GTI (APM Terminals),NOT_FOUND,CTR,4.50,E,S1731,,,,,,,,,,,NOSEAL,,,,,,,,,,,,,,,,,,,,,,,,,,,,,,,,,,,,,,,,,,,,,,,,,,,,,,,,,,,,,,,
SZLU9667147,4530,,,ONE,T,INPAV,,,V,,,,,,,,,,,,,,,,,,,,,,,,ONE (Ocean Network Express) Line (i) Pvt. Ltd.,ONE MAGNIFICENCE,0086,SZLU9667147,4530,,N/A,4.50,,GTI (APM Terminals),NOT_FOUND,CTR,4.50,E,S1731,,,,,,,,,,,NOSEAL,,,,,,,,,,,,,,,,,,,,,,,,,,,,,,,,,,,,,,,,,,,,,,,,,,,,,,,,,,,,,,,
SZLU9703244,4530,,,ONE,T,INPAV,,,V,,,,,,,,,,,,,,,,,,,,,,,,ONE (Ocean Network Express) Line (i) Pvt. Ltd.,ONE MAGNIFICENCE,0086,SZLU9703244,4530,,N/A,4.50,,GTI (APM Terminals),NOT_FOUND,CTR,4.50,E,S1731,,,,,,,,,,,NOSEAL,,,,,,,,,,,,,,,,,,,,,,,,,,,,,,,,,,,,,,,,,,,,,,,,,,,,,,,,,,,,,,,
SZLU9712668,4530,,,ONE,T,INPAV,,,V,,,,,,,,,,,,,,,,,,,,,,,,ONE (Ocean Network Express) Line (i) Pvt. Ltd.,ONE MAGNIFICENCE,0086,SZLU9712668,4530,,N/A,4.50,,GTI (APM Terminals),NOT_FOUND,CTR,4.50,E,S1731,,,,,,,,,,,NOSEAL,,,,,,,,,,,,,,,,,,,,,,,,,,,,,,,,,,,,,,,,,,,,,,,,,,,,,,,,,,,,,,,
SZLU9714948,4530,,,ONE,T,INPAV,,,V,,,,,,,,,,,,,,,,,,,,,,,,ONE (Ocean Network Express) Line (i) Pvt. Ltd.,ONE MAGNIFICENCE,0086,SZLU9714948,4530,,N/A,4.50,,GTI (APM Terminals),NOT_FOUND,CTR,4.50,E,S1731,,,,,,,,,,,NOSEAL,,,,,,,,,,,,,,,,,,,,,,,,,,,,,,,,,,,,,,,,,,,,,,,,,,,,,,,,,,,,,,,
SZLU9740700,4530,,,ONE,T,INPAV,,,V,,,,,,,,,,,,,,,,,,,,,,,,ONE (Ocean Network Express) Line (i) Pvt. Ltd.,ONE MAGNIFICENCE,0086,SZLU9740700,4530,,N/A,4.50,,GTI (APM Terminals),NOT_FOUND,CTR,4.50,E,S1731,,,,,,,,,,,NOSEAL,,,,,,,,,,,,,,,,,,,,,,,,,,,,,,,,,,,,,,,,,,,,,,,,,,,,,,,,,,,,,,,
TCLU1314998,4530,,,ONE,T,INPAV,,,V,,,,,,,,,,,,,,,,,,,,,,,,ONE (Ocean Network Express) Line (i) Pvt. Ltd.,ONE MAGNIFICENCE,0086,TCLU1314998,4530,,N/A,4.50,,GTI (APM Terminals),NOT_FOUND,CTR,4.50,E,S1731,,,,,,,,,,,NOSEAL,,,,,,,,,,,,,,,,,,,,,,,,,,,,,,,,,,,,,,,,,,,,,,,,,,,,,,,,,,,,,,,
TCLU1316120,4530,,,ONE,T,INPAV,,,V,,,,,,,,,,,,,,,,,,,,,,,,ONE (Ocean Network Express) Line (i) Pvt. Ltd.,ONE MAGNIFICENCE,0086,TCLU1316120,4530,,N/A,4.50,,GTI (APM Terminals),NOT_FOUND,CTR,4.50,E,S1731,,,,,,,,,,,NOSEAL,,,,,,,,,,,,,,,,,,,,,,,,,,,,,,,,,,,,,,,,,,,,,,,,,,,,,,,,,,,,,,,
TCLU1320898,4530,,,ONE,T,INPAV,,,V,,,,,,,,,,,,,,,,,,,,,,,,ONE (Ocean Network Express) Line (i) Pvt. Ltd.,ONE MAGNIFICENCE,0086,TCLU1320898,4530,,N/A,4.50,,GTI (APM Terminals),NOT_FOUND,CTR,4.50,E,S1731,,,,,,,,,,,NOSEAL,,,,,,,,,,,,,,,,,,,,,,,,,,,,,,,,,,,,,,,,,,,,,,,,,,,,,,,,,,,,,,,
TCLU1356186,4530,,,ONE,T,INPAV,,,V,,,,,,,,,,,,,,,,,,,,,,,,ONE (Ocean Network Express) Line (i) Pvt. Ltd.,ONE MAGNIFICENCE,0086,TCLU1356186,4530,,N/A,4.50,,GTI (APM Terminals),NOT_FOUND,CTR,4.50,E,S1731,,,,,,,,,,,NOSEAL,,,,,,,,,,,,,,,,,,,,,,,,,,,,,,,,,,,,,,,,,,,,,,,,,,,,,,,,,,,,,,,
TCLU1358569,4530,,,ONE,T,INPAV,,,V,,,,,,,,,,,,,,,,,,,,,,,,ONE (Ocean Network Express) Line (i) Pvt. Ltd.,ONE MAGNIFICENCE,0086,TCLU1358569,4530,,N/A,4.50,,GTI (APM Terminals),NOT_FOUND,CTR,4.50,E,S1731,,,,,,,,,,,NOSEAL,,,,,,,,,,,,,,,,,,,,,,,,,,,,,,,,,,,,,,,,,,,,,,,,,,,,,,,,,,,,,,,
TCLU1361650,4530,,,ONE,T,INPAV,,,V,,,,,,,,,,,,,,,,,,,,,,,,ONE (Ocean Network Express) Line (i) Pvt. Ltd.,ONE MAGNIFICENCE,0086,TCLU1361650,4530,,N/A,4.50,,GTI (APM Terminals),NOT_FOUND,CTR,4.50,E,S1731,,,,,,,,,,,NOSEAL,,,,,,,,,,,,,,,,,,,,,,,,,,,,,,,,,,,,,,,,,,,,,,,,,,,,,,,,,,,,,,,
TEMU9187346,4530,,,ONE,T,INPAV,,,V,,,,,,,,,,,,,,,,,,,,,,,,ONE (Ocean Network Express) Line (i) Pvt. Ltd.,ONE MAGNIFICENCE,0086,TEMU9187346,4530,,N/A,4.50,,GTI (APM Terminals),NOT_FOUND,CTR,4.50,E,S1731,,,,,,,,,,,NOSEAL,,,,,,,,,,,,,,,,,,,,,,,,,,,,,,,,,,,,,,,,,,,,,,,,,,,,,,,,,,,,,,,
TEMU9192846,4530,,,ONE,T,INBMC,,,V,,,,,,,,,,,,,,,,,,,,,,,,ONE (Ocean Network Express) Line (i) Pvt. Ltd.,ONE MAGNIFICENCE,0086,TEMU9192846,4530,,N/A,4.50,,GTI (APM Terminals),NOT_FOUND,CTR,4.50,E,BMCT,,,,,,,,,,,NOSEAL,,,,,,,,,,,,,,,,,,,,,,,,,,,,,,,,,,,,,,,,,,,,,,,,,,,,,,,,,,,,,,,
TEMU9566463,4530,,,ONE,T,INBMC,,,V,,,,,,,,,,,,,,,,,,,,,,,,ONE (Ocean Network Express) Line (i) Pvt. Ltd.,ONE MAGNIFICENCE,0086,TEMU9566463,4530,,N/A,4.50,,GTI (APM Terminals),NOT_FOUND,CTR,4.50,E,BMCT,,,,,,,,,,,NOSEAL,,,,,,,,,,,,,,,,,,,,,,,,,,,,,,,,,,,,,,,,,,,,,,,,,,,,,,,,,,,,,,,
TEMU9569056,4530,,,ONE,T,INPAV,,,V,,,,,,,,,,,,,,,,,,,,,,,,ONE (Ocean Network Express) Line (i) Pvt. Ltd.,ONE MAGNIFICENCE,0086,TEMU9569056,4530,,N/A,4.50,,GTI (APM Terminals),NOT_FOUND,CTR,4.50,E,S1731,,,,,,,,,,,NOSEAL,,,,,,,,,,,,,,,,,,,,,,,,,,,,,,,,,,,,,,,,,,,,,,,,,,,,,,,,,,,,,,,
TEMU9571074,4530,,,ONE,T,INPAV,,,V,,,,,,,,,,,,,,,,,,,,,,,,ONE (Ocean Network Express) Line (i) Pvt. Ltd.,ONE MAGNIFICENCE,0086,TEMU9571074,4530,,N/A,4.50,,GTI (APM Terminals),NOT_FOUND,CTR,4.50,E,S1731,,,,,,,,,,,NOSEAL,,,,,,,,,,,,,,,,,,,,,,,,,,,,,,,,,,,,,,,,,,,,,,,,,,,,,,,,,,,,,,,
TLLU1092899,4530,,,ONE,T,INPAV,,,V,,,,,,,,,,,,,,,,,,,,,,,,ONE (Ocean Network Express) Line (i) Pvt. Ltd.,ONE MAGNIFICENCE,0086,TLLU1092899,4530,,N/A,4.50,,GTI (APM Terminals),NOT_FOUND,CTR,4.50,E,S1731,,,,,,,,,,,NOSEAL,,,,,,,,,,,,,,,,,,,,,,,,,,,,,,,,,,,,,,,,,,,,,,,,,,,,,,,,,,,,,,,
TLLU1095157,4530,,,ONE,T,INPAV,,,V,,,,,,,,,,,,,,,,,,,,,,,,ONE (Ocean Network Express) Line (i) Pvt. Ltd.,ONE MAGNIFICENCE,0086,TLLU1095157,4530,,N/A,4.50,,GTI (APM Terminals),NOT_FOUND,CTR,4.50,E,S1731,,,,,,,,,,,NOSEAL,,,,,,,,,,,,,,,,,,,,,,,,,,,,,,,,,,,,,,,,,,,,,,,,,,,,,,,,,,,,,,,
TLLU1095774,4530,,,ONE,T,INPAV,,,V,,,,,,,,,,,,,,,,,,,,,,,,ONE (Ocean Network Express) Line (i) Pvt. Ltd.,ONE MAGNIFICENCE,0086,TLLU1095774,4530,,N/A,4.50,,GTI (APM Terminals),NOT_FOUND,CTR,4.50,E,S1731,,,,,,,,,,,NOSEAL,,,,,,,,,,,,,,,,,,,,,,,,,,,,,,,,,,,,,,,,,,,,,,,,,,,,,,,,,,,,,,,
TLLU1098942,4530,,,ONE,T,INPAV,,,V,,,,,,,,,,,,,,,,,,,,,,,,ONE (Ocean Network Express) Line (i) Pvt. Ltd.,ONE MAGNIFICENCE,0086,TLLU1098942,4530,,N/A,4.50,,GTI (APM Terminals),NOT_FOUND,CTR,4.50,E,S1731,,,,,,,,,,,NOSEAL,,,,,,,,,,,,,,,,,,,,,,,,,,,,,,,,,,,,,,,,,,,,,,,,,,,,,,,,,,,,,,,
TLLU1099070,4530,,,ONE,T,INPAV,,,V,,,,,,,,,,,,,,,,,,,,,,,,ONE (Ocean Network Express) Line (i) Pvt. Ltd.,ONE MAGNIFICENCE,0086,TLLU1099070,4530,,N/A,4.50,,GTI (APM Terminals),NOT_FOUND,CTR,4.50,E,S1731,,,,,,,,,,,NOSEAL,,,,,,,,,,,,,,,,,,,,,,,,,,,,,,,,,,,,,,,,,,,,,,,,,,,,,,,,,,,,,,,
TLLU1110863,4530,,,ONE,T,INPAV,,,V,,,,,,,,,,,,,,,,,,,,,,,,ONE (Ocean Network Express) Line (i) Pvt. Ltd.,ONE MAGNIFICENCE,0086,TLLU1110863,4530,,N/A,4.50,,GTI (APM Terminals),NOT_FOUND,CTR,4.50,E,S1731,,,,,,,,,,,NOSEAL,,,,,,,,,,,,,,,,,,,,,,,,,,,,,,,,,,,,,,,,,,,,,,,,,,,,,,,,,,,,,,,
TLLU1117169,4530,,,ONE,T,INBMC,,,V,,,,,,,,,,,,,,,,,,,,,,,,ONE (Ocean Network Express) Line (i) Pvt. Ltd.,ONE MAGNIFICENCE,0086,TLLU1117169,4530,,N/A,4.50,,GTI (APM Terminals),NOT_FOUND,CTR,4.50,E,BMCT,,,,,,,,,,,NOSEAL,,,,,,,,,,,,,,,,,,,,,,,,,,,,,,,,,,,,,,,,,,,,,,,,,,,,,,,,,,,,,,,
TLLU1117488,4530,,,ONE,T,INPAV,,,V,,,,,,,,,,,,,,,,,,,,,,,,ONE (Ocean Network Express) Line (i) Pvt. Ltd.,ONE MAGNIFICENCE,0086,TLLU1117488,4530,,N/A,4.50,,GTI (APM Terminals),NOT_FOUND,CTR,4.50,E,S1731,,,,,,,,,,,NOSEAL,,,,,,,,,,,,,,,,,,,,,,,,,,,,,,,,,,,,,,,,,,,,,,,,,,,,,,,,,,,,,,,
TLLU1122606,4530,,,ONE,T,INPAV,,,V,,,,,,,,,,,,,,,,,,,,,,,,ONE (Ocean Network Express) Line (i) Pvt. Ltd.,ONE MAGNIFICENCE,0086,TLLU1122606,4530,,N/A,4.50,,GTI (APM Terminals),NOT_FOUND,CTR,4.50,E,S1731,,,,,,,,,,,NOSEAL,,,,,,,,,,,,,,,,,,,,,,,,,,,,,,,,,,,,,,,,,,,,,,,,,,,,,,,,,,,,,,,
TLLU1126052,4530,,,ONE,T,INPAV,,,V,,,,,,,,,,,,,,,,,,,,,,,,ONE (Ocean Network Express) Line (i) Pvt. Ltd.,ONE MAGNIFICENCE,0086,TLLU1126052,4530,,N/A,4.50,,GTI (APM Terminals),NOT_FOUND,CTR,4.50,E,S1731,,,,,,,,,,,NOSEAL,,,,,,,,,,,,,,,,,,,,,,,,,,,,,,,,,,,,,,,,,,,,,,,,,,,,,,,,,,,,,,,
TLLU1161454,4530,,,ONE,T,INPAV,,,V,,,,,,,,,,,,,,,,,,,,,,,,ONE (Ocean Network Express) Line (i) Pvt. Ltd.,ONE MAGNIFICENCE,0086,TLLU1161454,4530,,N/A,4.50,,GTI (APM Terminals),NOT_FOUND,CTR,4.50,E,S1731,,,,,,,,,,,NOSEAL,,,,,,,,,,,,,,,,,,,,,,,,,,,,,,,,,,,,,,,,,,,,,,,,,,,,,,,,,,,,,,,
TLLU1182586,4530,,,ONE,T,INPAV,,,V,,,,,,,,,,,,,,,,,,,,,,,,ONE (Ocean Network Express) Line (i) Pvt. Ltd.,ONE MAGNIFICENCE,0086,TLLU1182586,4530,,N/A,4.50,,GTI (APM Terminals),NOT_FOUND,CTR,4.50,E,S1731,,,,,,,,,,,NOSEAL,,,,,,,,,,,,,,,,,,,,,,,,,,,,,,,,,,,,,,,,,,,,,,,,,,,,,,,,,,,,,,,
TLLU1203230,4530,,,ONE,T,INPAV,,,V,,,,,,,,,,,,,,,,,,,,,,,,ONE (Ocean Network Express) Line (i) Pvt. Ltd.,ONE MAGNIFICENCE,0086,TLLU1203230,4530,,N/A,4.50,,GTI (APM Terminals),NOT_FOUND,CTR,4.50,E,S1731,,,,,,,,,,,NOSEAL,,,,,,,,,,,,,,,,,,,,,,,,,,,,,,,,,,,,,,,,,,,,,,,,,,,,,,,,,,,,,,,
TLLU1208850,4530,,,ONE,T,INPAV,,,V,,,,,,,,,,,,,,,,,,,,,,,,ONE (Ocean Network Express) Line (i) Pvt. Ltd.,ONE MAGNIFICENCE,0086,TLLU1208850,4530,,N/A,4.50,,GTI (APM Terminals),NOT_FOUND,CTR,4.50,E,S1731,,,,,,,,,,,NOSEAL,,,,,,,,,,,,,,,,,,,,,,,,,,,,,,,,,,,,,,,,,,,,,,,,,,,,,,,,,,,,,,,
TLLU1211107,4530,,,ONE,T,INPAV,,,V,,,,,,,,,,,,,,,,,,,,,,,,ONE (Ocean Network Express) Line (i) Pvt. Ltd.,ONE MAGNIFICENCE,0086,TLLU1211107,4530,,N/A,4.50,,GTI (APM Terminals),NOT_FOUND,CTR,4.50,E,S1731,,,,,,,,,,,NOSEAL,,,,,,,,,,,,,,,,,,,,,,,,,,,,,,,,,,,,,,,,,,,,,,,,,,,,,,,,,,,,,,,
TLLU7004869,4530,,,ONE,T,INPAV,,,V,,,,,,,,,,,,,,,,,,,,,,,,ONE (Ocean Network Express) Line (i) Pvt. Ltd.,ONE MAGNIFICENCE,0086,TLLU7004869,4530,,N/A,4.50,,GTI (APM Terminals),NOT_FOUND,CTR,4.50,E,S1731,,,,,,,,,,,NOSEAL,,,,,,,,,,,,,,,,,,,,,,,,,,,,,,,,,,,,,,,,,,,,,,,,,,,,,,,,,,,,,,,
TLLU7005736,4530,,,ONE,T,INBMC,,,V,,,,,,,,,,,,,,,,,,,,,,,,ONE (Ocean Network Express) Line (i) Pvt. Ltd.,ONE MAGNIFICENCE,0086,TLLU7005736,4530,,N/A,4.50,,GTI (APM Terminals),NOT_FOUND,CTR,4.50,E,BMCT,,,,,,,,,,,NOSEAL,,,,,,,,,,,,,,,,,,,,,,,,,,,,,,,,,,,,,,,,,,,,,,,,,,,,,,,,,,,,,,,
TLLU7027400,4530,,,ONE,T,INPAV,,,V,,,,,,,,,,,,,,,,,,,,,,,,ONE (Ocean Network Express) Line (i) Pvt. Ltd.,ONE MAGNIFICENCE,0086,TLLU7027400,4530,,N/A,4.50,,GTI (APM Terminals),NOT_FOUND,CTR,4.50,E,S1731,,,,,,,,,,,NOSEAL,,,,,,,,,,,,,,,,,,,,,,,,,,,,,,,,,,,,,,,,,,,,,,,,,,,,,,,,,,,,,,,
TLLU7032053,4530,,,ONE,T,INPAV,,,V,,,,,,,,,,,,,,,,,,,,,,,,ONE (Ocean Network Express) Line (i) Pvt. Ltd.,ONE MAGNIFICENCE,0086,TLLU7032053,4530,,N/A,4.50,,GTI (APM Terminals),NOT_FOUND,CTR,4.50,E,S1731,,,,,,,,,,,NOSEAL,,,,,,,,,,,,,,,,,,,,,,,,,,,,,,,,,,,,,,,,,,,,,,,,,,,,,,,,,,,,,,,
TRIU8027593,4530,,,ONE,T,INPAV,,,V,,,,,,,,,,,,,,,,,,,,,,,,ONE (Ocean Network Express) Line (i) Pvt. Ltd.,ONE MAGNIFICENCE,0086,TRIU8027593,4530,,N/A,4.50,,GTI (APM Terminals),NOT_FOUND,CTR,4.50,E,S1731,,,,,,,,,,,NOSEAL,,,,,,,,,,,,,,,,,,,,,,,,,,,,,,,,,,,,,,,,,,,,,,,,,,,,,,,,,,,,,,,
TRIU8028223,4530,,,ONE,T,INPAV,,,V,,,,,,,,,,,,,,,,,,,,,,,,ONE (Ocean Network Express) Line (i) Pvt. Ltd.,ONE MAGNIFICENCE,0086,TRIU8028223,4530,,N/A,4.50,,GTI (APM Terminals),NOT_FOUND,CTR,4.50,E,S1731,,,,,,,,,,,NOSEAL,,,,,,,,,,,,,,,,,,,,,,,,,,,,,,,,,,,,,,,,,,,,,,,,,,,,,,,,,,,,,,,
TRIU8064658,4530,,,ONE,T,INPAV,,,V,,,,,,,,,,,,,,,,,,,,,,,,ONE (Ocean Network Express) Line (i) Pvt. Ltd.,ONE MAGNIFICENCE,0086,TRIU8064658,4530,,N/A,4.50,,GTI (APM Terminals),NOT_FOUND,CTR,4.50,E,S1731,,,,,,,,,,,NOSEAL,,,,,,,,,,,,,,,,,,,,,,,,,,,,,,,,,,,,,,,,,,,,,,,,,,,,,,,,,,,,,,,
TRIU8894927,4530,,,ONE,T,INBMC,,,V,,,,,,,,,,,,,,,,,,,,,,,,ONE (Ocean Network Express) Line (i) Pvt. Ltd.,ONE MAGNIFICENCE,0086,TRIU8894927,4530,,N/A,4.50,,GTI (APM Terminals),NOT_FOUND,CTR,4.50,E,BMCT,,,,,,,,,,,NOSEAL,,,,,,,,,,,,,,,,,,,,,,,,,,,,,,,,,,,,,,,,,,,,,,,,,,,,,,,,,,,,,,,
TRIU8897720,4530,,,ONE,T,INPAV,,,V,,,,,,,,,,,,,,,,,,,,,,,,ONE (Ocean Network Express) Line (i) Pvt. Ltd.,ONE MAGNIFICENCE,0086,TRIU8897720,4530,,N/A,4.50,,GTI (APM Terminals),NOT_FOUND,CTR,4.50,E,S1731,,,,,,,,,,,NOSEAL,,,,,,,,,,,,,,,,,,,,,,,,,,,,,,,,,,,,,,,,,,,,,,,,,,,,,,,,,,,,,,,
TTNU8077938,4530,,,ONE,T,INPAV,,,V,,,,,,,,,,,,,,,,,,,,,,,,ONE (Ocean Network Express) Line (i) Pvt. Ltd.,ONE MAGNIFICENCE,0086,TTNU8077938,4530,,N/A,4.50,,GTI (APM Terminals),NOT_FOUND,CTR,4.50,E,S1731,,,,,,,,,,,NOSEAL,,,,,,,,,,,,,,,,,,,,,,,,,,,,,,,,,,,,,,,,,,,,,,,,,,,,,,,,,,,,,,,
TTNU8108556,4530,,,ONE,T,INPAV,,,V,,,,,,,,,,,,,,,,,,,,,,,,ONE (Ocean Network Express) Line (i) Pvt. Ltd.,ONE MAGNIFICENCE,0086,TTNU8108556,4530,,N/A,4.50,,GTI (APM Terminals),NOT_FOUND,CTR,4.50,E,S1731,,,,,,,,,,,NOSEAL,,,,,,,,,,,,,,,,,,,,,,,,,,,,,,,,,,,,,,,,,,,,,,,,,,,,,,,,,,,,,,,
TTNU8160699,4530,,,ONE,T,INPAV,,,V,,,,,,,,,,,,,,,,,,,,,,,,ONE (Ocean Network Express) Line (i) Pvt. Ltd.,ONE MAGNIFICENCE,0086,TTNU8160699,4530,,N/A,4.50,,GTI (APM Terminals),NOT_FOUND,CTR,4.50,E,S1731,,,,,,,,,,,NOSEAL,,,,,,,,,,,,,,,,,,,,,,,,,,,,,,,,,,,,,,,,,,,,,,,,,,,,,,,,,,,,,,,
TTNU8289388,4530,,,ONE,T,INPAV,,,V,,,,,,,,,,,,,,,,,,,,,,,,ONE (Ocean Network Express) Line (i) Pvt. Ltd.,ONE MAGNIFICENCE,0086,TTNU8289388,4530,,N/A,4.50,,GTI (APM Terminals),NOT_FOUND,CTR,4.50,E,S1731,,,,,,,,,,,NOSEAL,,,,,,,,,,,,,,,,,,,,,,,,,,,,,,,,,,,,,,,,,,,,,,,,,,,,,,,,,,,,,,,
TTNU8297608,4530,,,ONE,T,INPAV,,,V,,,,,,,,,,,,,,,,,,,,,,,,ONE (Ocean Network Express) Line (i) Pvt. Ltd.,ONE MAGNIFICENCE,0086,TTNU8297608,4530,,N/A,4.50,,GTI (APM Terminals),NOT_FOUND,CTR,4.50,E,S1731,,,,,,,,,,,NOSEAL,,,,,,,,,,,,,,,,,,,,,,,,,,,,,,,,,,,,,,,,,,,,,,,,,,,,,,,,,,,,,,,
TTNU8299010,4530,,,ONE,T,INPAV,,,V,,,,,,,,,,,,,,,,,,,,,,,,ONE (Ocean Network Express) Line (i) Pvt. Ltd.,ONE MAGNIFICENCE,0086,TTNU8299010,4530,,N/A,4.50,,GTI (APM Terminals),NOT_FOUND,CTR,4.50,E,S1731,,,,,,,,,,,NOSEAL,,,,,,,,,,,,,,,,,,,,,,,,,,,,,,,,,,,,,,,,,,,,,,,,,,,,,,,,,,,,,,,
TTNU8338923,4530,,,ONE,T,INPAV,,,V,,,,,,,,,,,,,,,,,,,,,,,,ONE (Ocean Network Express) Line (i) Pvt. Ltd.,ONE MAGNIFICENCE,0086,TTNU8338923,4530,,N/A,4.50,,GTI (APM Terminals),NOT_FOUND,CTR,4.50,E,S1731,,,,,,,,,,,NOSEAL,,,,,,,,,,,,,,,,,,,,,,,,,,,,,,,,,,,,,,,,,,,,,,,,,,,,,,,,,,,,,,,
TTNU8341110,4530,,,ONE,T,INPAV,,,V,,,,,,,,,,,,,,,,,,,,,,,,ONE (Ocean Network Express) Line (i) Pvt. Ltd.,ONE MAGNIFICENCE,0086,TTNU8341110,4530,,N/A,4.50,,GTI (APM Terminals),NOT_FOUND,CTR,4.50,E,S1731,,,,,,,,,,,NOSEAL,,,,,,,,,,,,,,,,,,,,,,,,,,,,,,,,,,,,,,,,,,,,,,,,,,,,,,,,,,,,,,,
TTNU8345645,4530,,,ONE,T,INPAV,,,V,,,,,,,,,,,,,,,,,,,,,,,,ONE (Ocean Network Express) Line (i) Pvt. Ltd.,ONE MAGNIFICENCE,0086,TTNU8345645,4530,,N/A,4.50,,GTI (APM Terminals),NOT_FOUND,CTR,4.50,E,S1731,,,,,,,,,,,NOSEAL,,,,,,,,,,,,,,,,,,,,,,,,,,,,,,,,,,,,,,,,,,,,,,,,,,,,,,,,,,,,,,,
TTNU8386829,4530,,,ONE,T,INPAV,,,V,,,,,,,,,,,,,,,,,,,,,,,,ONE (Ocean Network Express) Line (i) Pvt. Ltd.,ONE MAGNIFICENCE,0086,TTNU8386829,4530,,N/A,4.50,,GTI (APM Terminals),NOT_FOUND,CTR,4.50,E,S1731,,,,,,,,,,,NOSEAL,,,,,,,,,,,,,,,,,,,,,,,,,,,,,,,,,,,,,,,,,,,,,,,,,,,,,,,,,,,,,,,
TTNU8440318,4530,,,ONE,T,INPAV,,,V,,,,,,,,,,,,,,,,,,,,,,,,ONE (Ocean Network Express) Line (i) Pvt. Ltd.,ONE MAGNIFICENCE,0086,TTNU8440318,4530,,N/A,4.50,,GTI (APM Terminals),NOT_FOUND,CTR,4.50,E,S1731,,,,,,,,,,,NOSEAL,,,,,,,,,,,,,,,,,,,,,,,,,,,,,,,,,,,,,,,,,,,,,,,,,,,,,,,,,,,,,,,
TTNU8441778,4530,,,ONE,T,INPAV,,,V,,,,,,,,,,,,,,,,,,,,,,,,ONE (Ocean Network Express) Line (i) Pvt. Ltd.,ONE MAGNIFICENCE,0086,TTNU8441778,4530,,N/A,4.50,,GTI (APM Terminals),NOT_FOUND,CTR,4.50,E,S1731,,,,,,,,,,,NOSEAL,,,,,,,,,,,,,,,,,,,,,,,,,,,,,,,,,,,,,,,,,,,,,,,,,,,,,,,,,,,,,,,
TTNU8467812,4530,,,ONE,T,INPAV,,,V,,,,,,,,,,,,,,,,,,,,,,,,ONE (Ocean Network Express) Line (i) Pvt. Ltd.,ONE MAGNIFICENCE,0086,TTNU8467812,4530,,N/A,4.50,,GTI (APM Terminals),NOT_FOUND,CTR,4.50,E,S1731,,,,,,,,,,,NOSEAL,,,,,,,,,,,,,,,,,,,,,,,,,,,,,,,,,,,,,,,,,,,,,,,,,,,,,,,,,,,,,,,
TTNU8469190,4530,,,ONE,T,INBMC,,,V,,,,,,,,,,,,,,,,,,,,,,,,ONE (Ocean Network Express) Line (i) Pvt. Ltd.,ONE MAGNIFICENCE,0086,TTNU8469190,4530,,N/A,4.50,,GTI (APM Terminals),NOT_FOUND,CTR,4.50,E,BMCT,,,,,,,,,,,NOSEAL,,,,,,,,,,,,,,,,,,,,,,,,,,,,,,,,,,,,,,,,,,,,,,,,,,,,,,,,,,,,,,,
TTNU8500633,4530,,,ONE,T,INBMC,,,V,,,,,,,,,,,,,,,,,,,,,,,,ONE (Ocean Network Express) Line (i) Pvt. Ltd.,ONE MAGNIFICENCE,0086,TTNU8500633,4530,,N/A,4.50,,GTI (APM Terminals),NOT_FOUND,CTR,4.50,E,BMCT,,,,,,,,,,,NOSEAL,,,,,,,,,,,,,,,,,,,,,,,,,,,,,,,,,,,,,,,,,,,,,,,,,,,,,,,,,,,,,,,
TTNU8540955,4530,,,ONE,T,INPAV,,,V,,,,,,,,,,,,,,,,,,,,,,,,ONE (Ocean Network Express) Line (i) Pvt. Ltd.,ONE MAGNIFICENCE,0086,TTNU8540955,4530,,N/A,4.50,,GTI (APM Terminals),NOT_FOUND,CTR,4.50,E,S1731,,,,,,,,,,,NOSEAL,,,,,,,,,,,,,,,,,,,,,,,,,,,,,,,,,,,,,,,,,,,,,,,,,,,,,,,,,,,,,,,
TTNU8738555,4530,,,ONE,T,INPAV,,,V,,,,,,,,,,,,,,,,,,,,,,,,ONE (Ocean Network Express) Line (i) Pvt. Ltd.,ONE MAGNIFICENCE,0086,TTNU8738555,4530,,N/A,4.50,,GTI (APM Terminals),NOT_FOUND,CTR,4.50,E,S1731,,,,,,,,,,,NOSEAL,,,,,,,,,,,,,,,,,,,,,,,,,,,,,,,,,,,,,,,,,,,,,,,,,,,,,,,,,,,,,,,
TTNU8743926,4530,,,ONE,T,INPAV,,,V,,,,,,,,,,,,,,,,,,,,,,,,ONE (Ocean Network Express) Line (i) Pvt. Ltd.,ONE MAGNIFICENCE,0086,TTNU8743926,4530,,N/A,4.50,,GTI (APM Terminals),NOT_FOUND,CTR,4.50,E,S1731,,,,,,,,,,,NOSEAL,,,,,,,,,,,,,,,,,,,,,,,,,,,,,,,,,,,,,,,,,,,,,,,,,,,,,,,,,,,,,,,
TTNU8761405,4530,,,ONE,T,INPAV,,,V,,,,,,,,,,,,,,,,,,,,,,,,ONE (Ocean Network Express) Line (i) Pvt. Ltd.,ONE MAGNIFICENCE,0086,TTNU8761405,4530,,N/A,4.50,,GTI (APM Terminals),NOT_FOUND,CTR,4.50,E,S1731,,,,,,,,,,,NOSEAL,,,,,,,,,,,,,,,,,,,,,,,,,,,,,,,,,,,,,,,,,,,,,,,,,,,,,,,,,,,,,,,
TTNU8763521,4530,,,ONE,T,INPAV,,,V,,,,,,,,,,,,,,,,,,,,,,,,ONE (Ocean Network Express) Line (i) Pvt. Ltd.,ONE MAGNIFICENCE,0086,TTNU8763521,4530,,N/A,4.50,,GTI (APM Terminals),NOT_FOUND,CTR,4.50,E,S1731,,,,,,,,,,,NOSEAL,,,,,,,,,,,,,,,,,,,,,,,,,,,,,,,,,,,,,,,,,,,,,,,,,,,,,,,,,,,,,,,
TTNU8764847,4530,,,ONE,T,INPAV,,,V,,,,,,,,,,,,,,,,,,,,,,,,ONE (Ocean Network Express) Line (i) Pvt. Ltd.,ONE MAGNIFICENCE,0086,TTNU8764847,4530,,N/A,4.50,,GTI (APM Terminals),NOT_FOUND,CTR,4.50,E,S1731,,,,,,,,,,,NOSEAL,,,,,,,,,,,,,,,,,,,,,,,,,,,,,,,,,,,,,,,,,,,,,,,,,,,,,,,,,,,,,,,
TTNU8765144,4530,,,ONE,T,INPAV,,,V,,,,,,,,,,,,,,,,,,,,,,,,ONE (Ocean Network Express) Line (i) Pvt. Ltd.,ONE MAGNIFICENCE,0086,TTNU8765144,4530,,N/A,4.50,,GTI (APM Terminals),NOT_FOUND,CTR,4.50,E,S1731,,,,,,,,,,,NOSEAL,,,,,,,,,,,,,,,,,,,,,,,,,,,,,,,,,,,,,,,,,,,,,,,,,,,,,,,,,,,,,,,
TTNU8766080,4530,,,ONE,T,INPAV,,,V,,,,,,,,,,,,,,,,,,,,,,,,ONE (Ocean Network Express) Line (i) Pvt. Ltd.,ONE MAGNIFICENCE,0086,TTNU8766080,4530,,N/A,4.50,,GTI (APM Terminals),NOT_FOUND,CTR,4.50,E,S1731,,,,,,,,,,,NOSEAL,,,,,,,,,,,,,,,,,,,,,,,,,,,,,,,,,,,,,,,,,,,,,,,,,,,,,,,,,,,,,,,
TTNU8767147,4530,,,ONE,T,INPAV,,,V,,,,,,,,,,,,,,,,,,,,,,,,ONE (Ocean Network Express) Line (i) Pvt. Ltd.,ONE MAGNIFICENCE,0086,TTNU8767147,4530,,N/A,4.50,,GTI (APM Terminals),NOT_FOUND,CTR,4.50,E,S1731,,,,,,,,,,,NOSEAL,,,,,,,,,,,,,,,,,,,,,,,,,,,,,,,,,,,,,,,,,,,,,,,,,,,,,,,,,,,,,,,
TTNU8770177,4530,,,ONE,T,INPAV,,,V,,,,,,,,,,,,,,,,,,,,,,,,ONE (Ocean Network Express) Line (i) Pvt. Ltd.,ONE MAGNIFICENCE,0086,TTNU8770177,4530,,N/A,4.50,,GTI (APM Terminals),NOT_FOUND,CTR,4.50,E,S1731,,,,,,,,,,,NOSEAL,,,,,,,,,,,,,,,,,,,,,,,,,,,,,,,,,,,,,,,,,,,,,,,,,,,,,,,,,,,,,,,
TTNU8770881,4530,,,ONE,T,INBMC,,,V,,,,,,,,,,,,,,,,,,,,,,,,ONE (Ocean Network Express) Line (i) Pvt. Ltd.,ONE MAGNIFICENCE,0086,TTNU8770881,4530,,N/A,4.50,,GTI (APM Terminals),NOT_FOUND,CTR,4.50,E,BMCT,,,,,,,,,,,NOSEAL,,,,,,,,,,,,,,,,,,,,,,,,,,,,,,,,,,,,,,,,,,,,,,,,,,,,,,,,,,,,,,,
TTNU8771126,4530,,,ONE,T,INPAV,,,V,,,,,,,,,,,,,,,,,,,,,,,,ONE (Ocean Network Express) Line (i) Pvt. Ltd.,ONE MAGNIFICENCE,0086,TTNU8771126,4530,,N/A,4.50,,GTI (APM Terminals),NOT_FOUND,CTR,4.50,E,S1731,,,,,,,,,,,NOSEAL,,,,,,,,,,,,,,,,,,,,,,,,,,,,,,,,,,,,,,,,,,,,,,,,,,,,,,,,,,,,,,,
TTNU8793980,4530,,,ONE,T,INPAV,,,V,,,,,,,,,,,,,,,,,,,,,,,,ONE (Ocean Network Express) Line (i) Pvt. Ltd.,ONE MAGNIFICENCE,0086,TTNU8793980,4530,,N/A,4.50,,GTI (APM Terminals),NOT_FOUND,CTR,4.50,E,S1731,,,,,,,,,,,NOSEAL,,,,,,,,,,,,,,,,,,,,,,,,,,,,,,,,,,,,,,,,,,,,,,,,,,,,,,,,,,,,,,,
TTNU8801895,4530,,,ONE,T,INPAV,,,V,,,,,,,,,,,,,,,,,,,,,,,,ONE (Ocean Network Express) Line (i) Pvt. Ltd.,ONE MAGNIFICENCE,0086,TTNU8801895,4530,,N/A,4.50,,GTI (APM Terminals),NOT_FOUND,CTR,4.50,E,S1731,,,,,,,,,,,NOSEAL,,,,,,,,,,,,,,,,,,,,,,,,,,,,,,,,,,,,,,,,,,,,,,,,,,,,,,,,,,,,,,,
TTNU8804847,4530,,,ONE,T,INPAV,,,V,,,,,,,,,,,,,,,,,,,,,,,,ONE (Ocean Network Express) Line (i) Pvt. Ltd.,ONE MAGNIFICENCE,0086,TTNU8804847,4530,,N/A,4.50,,GTI (APM Terminals),NOT_FOUND,CTR,4.50,E,S1731,,,,,,,,,,,NOSEAL,,,,,,,,,,,,,,,,,,,,,,,,,,,,,,,,,,,,,,,,,,,,,,,,,,,,,,,,,,,,,,,
TTNU8805720,4530,,,ONE,T,INBMC,,,V,,,,,,,,,,,,,,,,,,,,,,,,ONE (Ocean Network Express) Line (i) Pvt. Ltd.,ONE MAGNIFICENCE,0086,TTNU8805720,4530,,N/A,4.50,,GTI (APM Terminals),NOT_FOUND,CTR,4.50,E,BMCT,,,,,,,,,,,NOSEAL,,,,,,,,,,,,,,,,,,,,,,,,,,,,,,,,,,,,,,,,,,,,,,,,,,,,,,,,,,,,,,,
TTNU8809160,4530,,,ONE,T,INBMC,,,V,,,,,,,,,,,,,,,,,,,,,,,,ONE (Ocean Network Express) Line (i) Pvt. Ltd.,ONE MAGNIFICENCE,0086,TTNU8809160,4530,,N/A,4.50,,GTI (APM Terminals),NOT_FOUND,CTR,4.50,E,BMCT,,,,,,,,,,,NOSEAL,,,,,,,,,,,,,,,,,,,,,,,,,,,,,,,,,,,,,,,,,,,,,,,,,,,,,,,,,,,,,,,
TTNU8812246,4530,,,ONE,T,INBMC,,,V,,,,,,,,,,,,,,,,,,,,,,,,ONE (Ocean Network Express) Line (i) Pvt. Ltd.,ONE MAGNIFICENCE,0086,TTNU8812246,4530,,N/A,4.50,,GTI (APM Terminals),NOT_FOUND,CTR,4.50,E,BMCT,,,,,,,,,,,NOSEAL,,,,,,,,,,,,,,,,,,,,,,,,,,,,,,,,,,,,,,,,,,,,,,,,,,,,,,,,,,,,,,,
TTNU8813221,4530,,,ONE,T,INPAV,,,V,,,,,,,,,,,,,,,,,,,,,,,,ONE (Ocean Network Express) Line (i) Pvt. Ltd.,ONE MAGNIFICENCE,0086,TTNU8813221,4530,,N/A,4.50,,GTI (APM Terminals),NOT_FOUND,CTR,4.50,E,S1731,,,,,,,,,,,NOSEAL,,,,,,,,,,,,,,,,,,,,,,,,,,,,,,,,,,,,,,,,,,,,,,,,,,,,,,,,,,,,,,,
TTNU8829491,4530,,,ONE,T,INPAV,,,V,,,,,,,,,,,,,,,,,,,,,,,,ONE (Ocean Network Express) Line (i) Pvt. Ltd.,ONE MAGNIFICENCE,0086,TTNU8829491,4530,,N/A,4.50,,GTI (APM Terminals),NOT_FOUND,CTR,4.50,E,S1731,,,,,,,,,,,NOSEAL,,,,,,,,,,,,,,,,,,,,,,,,,,,,,,,,,,,,,,,,,,,,,,,,,,,,,,,,,,,,,,,
TTNU8830316,4530,,,ONE,T,INPAV,,,V,,,,,,,,,,,,,,,,,,,,,,,,ONE (Ocean Network Express) Line (i) Pvt. Ltd.,ONE MAGNIFICENCE,0086,TTNU8830316,4530,,N/A,4.50,,GTI (APM Terminals),NOT_FOUND,CTR,4.50,E,S1731,,,,,,,,,,,NOSEAL,,,,,,,,,,,,,,,,,,,,,,,,,,,,,,,,,,,,,,,,,,,,,,,,,,,,,,,,,,,,,,,
TTNU8833300,4530,,,ONE,T,INPAV,,,V,,,,,,,,,,,,,,,,,,,,,,,,ONE (Ocean Network Express) Line (i) Pvt. Ltd.,ONE MAGNIFICENCE,0086,TTNU8833300,4530,,N/A,4.50,,GTI (APM Terminals),NOT_FOUND,CTR,4.50,E,S1731,,,,,,,,,,,NOSEAL,,,,,,,,,,,,,,,,,,,,,,,,,,,,,,,,,,,,,,,,,,,,,,,,,,,,,,,,,,,,,,,
TTNU8862740,4530,,,ONE,T,INPAV,,,V,,,,,,,,,,,,,,,,,,,,,,,,ONE (Ocean Network Express) Line (i) Pvt. Ltd.,ONE MAGNIFICENCE,0086,TTNU8862740,4530,,N/A,4.50,,GTI (APM Terminals),NOT_FOUND,CTR,4.50,E,S1731,,,,,,,,,,,NOSEAL,,,,,,,,,,,,,,,,,,,,,,,,,,,,,,,,,,,,,,,,,,,,,,,,,,,,,,,,,,,,,,,
TTNU8866520,4530,,,ONE,T,INPAV,,,V,,,,,,,,,,,,,,,,,,,,,,,,ONE (Ocean Network Express) Line (i) Pvt. Ltd.,ONE MAGNIFICENCE,0086,TTNU8866520,4530,,N/A,4.50,,GTI (APM Terminals),NOT_FOUND,CTR,4.50,E,S1731,,,,,,,,,,,NOSEAL,,,,,,,,,,,,,,,,,,,,,,,,,,,,,,,,,,,,,,,,,,,,,,,,,,,,,,,,,,,,,,,
TTNU8868409,4530,,,ONE,T,INPAV,,,V,,,,,,,,,,,,,,,,,,,,,,,,ONE (Ocean Network Express) Line (i) Pvt. Ltd.,ONE MAGNIFICENCE,0086,TTNU8868409,4530,,N/A,4.50,,GTI (APM Terminals),NOT_FOUND,CTR,4.50,E,S1731,,,,,,,,,,,NOSEAL,,,,,,,,,,,,,,,,,,,,,,,,,,,,,,,,,,,,,,,,,,,,,,,,,,,,,,,,,,,,,,,
TTNU8869766,4530,,,ONE,T,INPAV,,,V,,,,,,,,,,,,,,,,,,,,,,,,ONE (Ocean Network Express) Line (i) Pvt. Ltd.,ONE MAGNIFICENCE,0086,TTNU8869766,4530,,N/A,4.50,,GTI (APM Terminals),NOT_FOUND,CTR,4.50,E,S1731,,,,,,,,,,,NOSEAL,,,,,,,,,,,,,,,,,,,,,,,,,,,,,,,,,,,,,,,,,,,,,,,,,,,,,,,,,,,,,,,
TTNU8898677,4530,,,ONE,T,INPAV,,,V,,,,,,,,,,,,,,,,,,,,,,,,ONE (Ocean Network Express) Line (i) Pvt. Ltd.,ONE MAGNIFICENCE,0086,TTNU8898677,4530,,N/A,4.50,,GTI (APM Terminals),NOT_FOUND,CTR,4.50,E,S1731,,,,,,,,,,,NOSEAL,,,,,,,,,,,,,,,,,,,,,,,,,,,,,,,,,,,,,,,,,,,,,,,,,,,,,,,,,,,,,,,
,,,,,,NSA,MTYONE,,G,,,,,,,,,,,,,,,,,,,,,,,,ONE (Ocean Network Express) Line (i) Pvt. Ltd.,CELSIUS EDINBURGH,018N,FBIU5259800,4530,,E,4500,MTYONE,GTI (APM Terminals),ZZZCDBT0017EMTY,,,,,,,,,,,,,,,,,,CEDS1502,,ONE ,FBIU5259800,4530.0,IM,E,,MPM,MTYONE,,4500.0,ZZZCDBT0017EMTY,MTY,NOSEAL,,,,,,,,,,,,,,,,,,,,,,,,,,,,,,,,,,,,,,,4500.0,ONE,,,,,,
,,,,,,NSA,MTYONE,,G,,,,,,,,,,,,,,,,,,,,,,,,ONE (Ocean Network Express) Line (i) Pvt. Ltd.,CELSIUS EDINBURGH,018N,ONEU9115584,4530,,E,4500,MTYONE,GTI (APM Terminals),ZZZCDBT0017EMTY,,,,,,,,,,,,,,,,,,CEDS1502,,ONE ,ONEU9115584,4530.0,IM,E,,MPM,MTYONE,,4500.0,ZZZCDBT0017EMTY,MTY,NOSEAL,,,,,,,,,,,,,,,,,,,,,,,,,,,,,,,,,,,,,,,4500.0,ONE,,,,,,
,,,,,,NSA,MTYONE,,G,,,,,,,,,,,,,,,,,,,,,,,,ONE (Ocean Network Express) Line (i) Pvt. Ltd.,CELSIUS EDINBURGH,018N,SZLU9445833,4530,,E,4500,MTYONE,GTI (APM Terminals),ZZZCDBT0017EMTY,,,,,,,,,,,,,,,,,,CEDS1502,,ONE ,SZLU9445833,4530.0,IM,E,,MPM,MTYONE,,4500.0,ZZZCDBT0017EMTY,MTY,NOSEAL,,,,,,,,,,,,,,,,,,,,,,,,,,,,,,,,,,,,,,,4500.0,ONE,,,,,,
,,,,,,NSA,MTYONE,,G,,,,,,,,,,,,,,,,,,,,,,,,ONE (Ocean Network Express) Line (i) Pvt. Ltd.,CELSIUS EDINBURGH,018N,TTNU8749009,4530,,E,4500,MTYONE,GTI (APM Terminals),ZZZCDBT0017EMTY,,,,,,,,,,,,,,,,,,CEDS1502,,ONE ,TTNU8749009,4530.0,IM,E,,MPM,MTYONE,,4500.0,ZZZCDBT0017EMTY,MTY,NOSEAL,,,,,,,,,,,,,,,,,,,,,,,,,,,,,,,,,,,,,,,4500.0,ONE,,,,,,
,,,,,,NSA,MTYONE,,G,,,,,,,,,,,,,,,,,,,,,,,,ONE (Ocean Network Express) Line (i) Pvt. Ltd.,CELSIUS EDINBURGH,018N,TTNU8750329,4530,,E,4500,MTYONE,GTI (APM Terminals),ZZZCDBT0017EMTY,,,,,,,,,,,,,,,,,,CEDS1502,,ONE ,TTNU8750329,4530.0,IM,E,,MPM,MTYONE,,4500.0,ZZZCDBT0017EMTY,MTY,NOSEAL,,,,,,,,,,,,,,,,,,,,,,,,,,,,,,,,,,,,,,,4500.0,ONE,,,,,,
